freq,period,metric,value,center,lcl,ucl,signal,direction,reason,ticket
W,2022-12-26,leads,35.0,297.7307692307692,225.05956923076923,370.4019692307692,True,abajo,fuera de los límites,
W,2023-01-02,leads,299.0,297.7307692307692,225.05956923076923,370.4019692307692,False,,,
W,2023-01-09,leads,300.0,297.7307692307692,225.05956923076923,370.4019692307692,False,,,22580.928461854288
W,2023-01-16,leads,296.0,297.7307692307692,225.05956923076923,370.4019692307692,False,,,61525.08945408468
W,2023-01-23,leads,306.0,297.7307692307692,225.05956923076923,370.4019692307692,False,,,31525.765602307518
W,2023-01-30,leads,327.0,297.7307692307692,225.05956923076923,370.4019692307692,False,,,32245.9857584288
W,2023-02-06,leads,368.0,297.7307692307692,225.05956923076923,370.4019692307692,False,,,36259.911092600414
W,2023-02-13,leads,342.0,297.7307692307692,225.05956923076923,370.4019692307692,False,,,45307.79106460976
W,2023-02-20,leads,320.0,297.7307692307692,225.05956923076923,370.4019692307692,False,,,42583.98443135696
W,2023-02-27,leads,318.0,297.7307692307692,225.05956923076923,370.4019692307692,False,,,33829.47560223134
W,2023-03-06,leads,309.0,297.7307692307692,225.05956923076923,370.4019692307692,False,,,48749.25446125105
W,2023-03-13,leads,312.0,297.7307692307692,225.05956923076923,370.4019692307692,True,arriba,8 puntos seguidos del mismo lado,32769.66425767945
W,2023-03-20,leads,311.0,297.7307692307692,225.05956923076923,370.4019692307692,True,arriba,8 puntos seguidos del mismo lado,45519.08510394012
W,2023-03-27,leads,283.0,297.7307692307692,225.05956923076923,370.4019692307692,False,,,58129.153717680994
W,2023-04-03,leads,328.0,297.7307692307692,225.05956923076923,370.4019692307692,False,,,63241.25704619172
W,2023-04-10,leads,305.0,297.7307692307692,225.05956923076923,370.4019692307692,False,,,30668.087466826026
W,2023-04-17,leads,275.0,297.7307692307692,225.05956923076923,370.4019692307692,False,,,42756.51494976698
W,2023-04-24,leads,292.0,297.7307692307692,225.05956923076923,370.4019692307692,False,,,45382.80430374116
W,2023-05-01,leads,333.0,297.7307692307692,225.05956923076923,370.4019692307692,False,,,52933.364673196884
W,2023-05-08,leads,329.0,297.7307692307692,225.05956923076923,370.4019692307692,False,,,47645.283858519404
W,2023-05-15,leads,304.0,297.7307692307692,225.05956923076923,370.4019692307692,False,,,51670.95072654402
W,2023-05-22,leads,293.0,297.7307692307692,225.05956923076923,370.4019692307692,False,,,46687.11883122527
W,2023-05-29,leads,285.0,297.7307692307692,225.05956923076923,370.4019692307692,False,,,51241.891656888234
W,2023-06-05,leads,302.0,297.7307692307692,225.05956923076923,370.4019692307692,False,,,35157.69661949646
W,2023-06-12,leads,297.0,297.7307692307692,225.05956923076923,370.4019692307692,False,,,60507.90028318686
W,2023-06-19,leads,272.0,297.7307692307692,225.05956923076923,370.4019692307692,False,,,34252.585186493314
W,2023-06-26,leads,300.0,297.7307692307692,225.05956923076923,370.4019692307692,False,,,41499.693778308654
W,2023-07-03,leads,272.0,297.7307692307692,225.05956923076923,370.4019692307692,False,,,26371.792009034103
W,2023-07-10,leads,303.0,297.7307692307692,225.05956923076923,370.4019692307692,False,,,37793.99837293937
W,2023-07-17,leads,279.0,297.7307692307692,225.05956923076923,370.4019692307692,False,,,52037.0533517665
W,2023-07-24,leads,300.0,297.7307692307692,225.05956923076923,370.4019692307692,False,,,46131.41401048461
W,2023-07-31,leads,291.0,297.7307692307692,225.05956923076923,370.4019692307692,False,,,37483.6003837572
W,2023-08-07,leads,302.0,297.7307692307692,225.05956923076923,370.4019692307692,False,,,21834.617228802443
W,2023-08-14,leads,293.0,297.7307692307692,225.05956923076923,370.4019692307692,False,,,35376.97392314611
W,2023-08-21,leads,318.0,297.7307692307692,225.05956923076923,370.4019692307692,False,,,38226.04749960081
W,2023-08-28,leads,311.0,297.7307692307692,225.05956923076923,370.4019692307692,False,,,48843.16852740267
W,2023-09-04,leads,334.0,297.7307692307692,225.05956923076923,370.4019692307692,False,,,35581.41394369402
W,2023-09-11,leads,329.0,297.7307692307692,225.05956923076923,370.4019692307692,False,,,48414.71393877839
W,2023-09-18,leads,328.0,297.7307692307692,225.05956923076923,370.4019692307692,False,,,33622.47562281605
W,2023-09-25,leads,283.0,297.7307692307692,225.05956923076923,370.4019692307692,False,,,47137.67620620281
W,2023-10-02,leads,320.0,297.7307692307692,225.05956923076923,370.4019692307692,False,,,39037.265754514905
W,2023-10-09,leads,337.0,297.7307692307692,225.05956923076923,370.4019692307692,False,,,48426.20167579965
W,2023-10-16,leads,330.0,297.7307692307692,225.05956923076923,370.4019692307692,False,,,34209.18977491582
W,2023-10-23,leads,325.0,297.7307692307692,225.05956923076923,370.4019692307692,False,,,55121.82125179573
W,2023-10-30,leads,325.0,297.7307692307692,225.05956923076923,370.4019692307692,False,,,48971.64739013053
W,2023-11-06,leads,316.0,297.7307692307692,225.05956923076923,370.4019692307692,False,,,53932.5641520989
W,2023-11-13,leads,295.0,297.7307692307692,225.05956923076923,370.4019692307692,False,,,27709.92078539011
W,2023-11-20,leads,329.0,297.7307692307692,225.05956923076923,370.4019692307692,False,,,38670.19772411921
W,2023-11-27,leads,358.0,297.7307692307692,225.05956923076923,370.4019692307692,False,,,34699.07567657089
W,2023-12-04,leads,331.0,297.7307692307692,225.05956923076923,370.4019692307692,False,,,35673.63517642846
W,2023-12-11,leads,287.0,297.7307692307692,225.05956923076923,370.4019692307692,False,,,33008.1692246672
W,2023-12-18,leads,310.0,297.7307692307692,225.05956923076923,370.4019692307692,False,,,56351.02687760415
W,2023-12-25,leads,294.0,297.7307692307692,225.05956923076923,370.4019692307692,False,,,42829.14134160539
W,2024-01-01,leads,310.0,297.7307692307692,225.05956923076923,370.4019692307692,False,,,56203.8650791208
W,2024-01-08,leads,312.0,297.7307692307692,225.05956923076923,370.4019692307692,False,,,40903.614573556835
W,2024-01-15,leads,311.0,297.7307692307692,225.05956923076923,370.4019692307692,False,,,56181.52706554123
W,2024-01-22,leads,323.0,297.7307692307692,225.05956923076923,370.4019692307692,False,,,37584.48449902476
W,2024-01-29,leads,299.0,297.7307692307692,225.05956923076923,370.4019692307692,False,,,49123.37115733838
W,2024-02-05,leads,313.0,297.7307692307692,225.05956923076923,370.4019692307692,False,,,39756.09557623301
W,2024-02-12,leads,332.0,297.7307692307692,225.05956923076923,370.4019692307692,False,,,39593.75761846148
W,2024-02-19,leads,319.0,297.7307692307692,225.05956923076923,370.4019692307692,True,arriba,8 puntos seguidos del mismo lado,33390.31877755824
W,2024-02-26,leads,347.0,297.7307692307692,225.05956923076923,370.4019692307692,True,arriba,8 puntos seguidos del mismo lado,39186.80800381298
W,2024-03-04,leads,413.0,297.7307692307692,225.05956923076923,370.4019692307692,True,arriba,fuera de los límites,54067.482916333014
W,2024-03-11,leads,413.0,297.7307692307692,225.05956923076923,370.4019692307692,True,arriba,fuera de los límites,51947.30094058588
W,2024-03-18,leads,384.0,297.7307692307692,225.05956923076923,370.4019692307692,True,arriba,fuera de los límites,45337.42704036845
W,2024-03-25,leads,421.0,297.7307692307692,225.05956923076923,370.4019692307692,True,arriba,fuera de los límites,42433.568177579444
W,2024-04-01,leads,449.0,297.7307692307692,225.05956923076923,370.4019692307692,True,arriba,fuera de los límites,32493.501924657026
W,2024-04-08,leads,440.0,297.7307692307692,225.05956923076923,370.4019692307692,True,arriba,fuera de los límites,54465.08164877089
W,2024-04-15,leads,415.0,297.7307692307692,225.05956923076923,370.4019692307692,True,arriba,fuera de los límites,41564.43882673835
W,2024-04-22,leads,455.0,297.7307692307692,225.05956923076923,370.4019692307692,True,arriba,fuera de los límites,48371.23403005429
W,2024-04-29,leads,442.0,297.7307692307692,225.05956923076923,370.4019692307692,True,arriba,fuera de los límites,47970.42187481724
W,2024-05-06,leads,391.0,297.7307692307692,225.05956923076923,370.4019692307692,True,arriba,fuera de los límites,49327.06071155433
W,2024-05-13,leads,406.0,297.7307692307692,225.05956923076923,370.4019692307692,True,arriba,fuera de los límites,49023.41084702478
W,2024-05-20,leads,400.0,297.7307692307692,225.05956923076923,370.4019692307692,True,arriba,fuera de los límites,72388.88892770617
W,2024-05-27,leads,398.0,297.7307692307692,225.05956923076923,370.4019692307692,True,arriba,fuera de los límites,63911.69977375383
W,2024-06-03,leads,420.0,297.7307692307692,225.05956923076923,370.4019692307692,True,arriba,fuera de los límites,49578.03870764446
W,2024-06-10,leads,441.0,297.7307692307692,225.05956923076923,370.4019692307692,True,arriba,fuera de los límites,34576.17683209633
W,2024-06-17,leads,447.0,297.7307692307692,225.05956923076923,370.4019692307692,True,arriba,fuera de los límites,48362.20210519777
W,2024-06-24,leads,446.0,297.7307692307692,225.05956923076923,370.4019692307692,True,arriba,fuera de los límites,46715.482486790344
W,2024-07-01,leads,404.0,297.7307692307692,225.05956923076923,370.4019692307692,True,arriba,fuera de los límites,40157.893001170276
W,2024-07-08,leads,408.0,297.7307692307692,225.05956923076923,370.4019692307692,True,arriba,fuera de los límites,52170.96509899041
W,2024-07-15,leads,425.0,297.7307692307692,225.05956923076923,370.4019692307692,True,arriba,fuera de los límites,35502.809825118966
W,2024-07-22,leads,437.0,297.7307692307692,225.05956923076923,370.4019692307692,True,arriba,fuera de los límites,41450.15961145888
W,2024-07-29,leads,438.0,297.7307692307692,225.05956923076923,370.4019692307692,True,arriba,fuera de los límites,51009.93853332422
W,2024-08-05,leads,397.0,297.7307692307692,225.05956923076923,370.4019692307692,True,arriba,fuera de los límites,46443.5016622156
W,2024-08-12,leads,439.0,297.7307692307692,225.05956923076923,370.4019692307692,True,arriba,fuera de los límites,49059.319304498254
W,2024-08-19,leads,468.0,297.7307692307692,225.05956923076923,370.4019692307692,True,arriba,fuera de los límites,46917.91121244384
W,2024-08-26,leads,429.0,297.7307692307692,225.05956923076923,370.4019692307692,True,arriba,fuera de los límites,46403.90090363417
W,2024-09-02,leads,474.0,297.7307692307692,225.05956923076923,370.4019692307692,True,arriba,fuera de los límites,46827.79586290622
W,2024-09-09,leads,402.0,297.7307692307692,225.05956923076923,370.4019692307692,True,arriba,fuera de los límites,40377.31151381648
W,2024-09-16,leads,443.0,297.7307692307692,225.05956923076923,370.4019692307692,True,arriba,fuera de los límites,46723.64125219466
W,2024-09-23,leads,425.0,297.7307692307692,225.05956923076923,370.4019692307692,True,arriba,fuera de los límites,43904.8357209625
W,2024-09-30,leads,449.0,297.7307692307692,225.05956923076923,370.4019692307692,True,arriba,fuera de los límites,41931.77317578543
W,2024-10-07,leads,407.0,297.7307692307692,225.05956923076923,370.4019692307692,True,arriba,fuera de los límites,29621.318081664882
W,2024-10-14,leads,424.0,297.7307692307692,225.05956923076923,370.4019692307692,True,arriba,fuera de los límites,45128.99930646939
W,2024-10-21,leads,430.0,297.7307692307692,225.05956923076923,370.4019692307692,True,arriba,fuera de los límites,52273.13281565984
W,2022-12-26,high_fit,0.4,0.4721500141354164,0.40069986775997934,0.5436001605108535,True,abajo,fuera de los límites,
W,2023-01-02,high_fit,0.46488294314381273,0.4721500141354164,0.40069986775997934,0.5436001605108535,False,,,
W,2023-01-09,high_fit,0.4666666666666667,0.4721500141354164,0.40069986775997934,0.5436001605108535,False,,,22580.928461854288
W,2023-01-16,high_fit,0.42567567567567566,0.4721500141354164,0.40069986775997934,0.5436001605108535,False,,,61525.08945408468
W,2023-01-23,high_fit,0.47058823529411764,0.4721500141354164,0.40069986775997934,0.5436001605108535,False,,,31525.765602307518
W,2023-01-30,high_fit,0.44036697247706424,0.4721500141354164,0.40069986775997934,0.5436001605108535,False,,,32245.9857584288
W,2023-02-06,high_fit,0.4592391304347826,0.4721500141354164,0.40069986775997934,0.5436001605108535,False,,,36259.911092600414
W,2023-02-13,high_fit,0.4619883040935672,0.4721500141354164,0.40069986775997934,0.5436001605108535,True,abajo,8 puntos seguidos del mismo lado,45307.79106460976
W,2023-02-20,high_fit,0.478125,0.4721500141354164,0.40069986775997934,0.5436001605108535,False,,,42583.98443135696
W,2023-02-27,high_fit,0.4811320754716981,0.4721500141354164,0.40069986775997934,0.5436001605108535,False,,,33829.47560223134
W,2023-03-06,high_fit,0.46601941747572817,0.4721500141354164,0.40069986775997934,0.5436001605108535,False,,,48749.25446125105
W,2023-03-13,high_fit,0.5160256410256411,0.4721500141354164,0.40069986775997934,0.5436001605108535,False,,,32769.66425767945
W,2023-03-20,high_fit,0.4758842443729904,0.4721500141354164,0.40069986775997934,0.5436001605108535,False,,,45519.08510394012
W,2023-03-27,high_fit,0.49469964664310956,0.4721500141354164,0.40069986775997934,0.5436001605108535,False,,,58129.153717680994
W,2023-04-03,high_fit,0.5274390243902439,0.4721500141354164,0.40069986775997934,0.5436001605108535,False,,,63241.25704619172
W,2023-04-10,high_fit,0.4852459016393443,0.4721500141354164,0.40069986775997934,0.5436001605108535,False,,,30668.087466826026
W,2023-04-17,high_fit,0.509090909090909,0.4721500141354164,0.40069986775997934,0.5436001605108535,False,,,42756.51494976698
W,2023-04-24,high_fit,0.4828767123287671,0.4721500141354164,0.40069986775997934,0.5436001605108535,False,,,45382.80430374116
W,2023-05-01,high_fit,0.45045045045045046,0.4721500141354164,0.40069986775997934,0.5436001605108535,False,,,52933.364673196884
W,2023-05-08,high_fit,0.45288753799392095,0.4721500141354164,0.40069986775997934,0.5436001605108535,False,,,47645.283858519404
W,2023-05-15,high_fit,0.46710526315789475,0.4721500141354164,0.40069986775997934,0.5436001605108535,False,,,51670.95072654402
W,2023-05-22,high_fit,0.5017064846416383,0.4721500141354164,0.40069986775997934,0.5436001605108535,False,,,46687.11883122527
W,2023-05-29,high_fit,0.47017543859649125,0.4721500141354164,0.40069986775997934,0.5436001605108535,False,,,51241.891656888234
W,2023-06-05,high_fit,0.44370860927152317,0.4721500141354164,0.40069986775997934,0.5436001605108535,False,,,35157.69661949646
W,2023-06-12,high_fit,0.494949494949495,0.4721500141354164,0.40069986775997934,0.5436001605108535,False,,,60507.90028318686
W,2023-06-19,high_fit,0.4889705882352941,0.4721500141354164,0.40069986775997934,0.5436001605108535,False,,,34252.585186493314
W,2023-06-26,high_fit,0.5133333333333333,0.4721500141354164,0.40069986775997934,0.5436001605108535,False,,,41499.693778308654
W,2023-07-03,high_fit,0.43014705882352944,0.4721500141354164,0.40069986775997934,0.5436001605108535,False,,,26371.792009034103
W,2023-07-10,high_fit,0.48514851485148514,0.4721500141354164,0.40069986775997934,0.5436001605108535,False,,,37793.99837293937
W,2023-07-17,high_fit,0.4910394265232975,0.4721500141354164,0.40069986775997934,0.5436001605108535,False,,,52037.0533517665
W,2023-07-24,high_fit,0.49333333333333335,0.4721500141354164,0.40069986775997934,0.5436001605108535,False,,,46131.41401048461
W,2023-07-31,high_fit,0.4536082474226804,0.4721500141354164,0.40069986775997934,0.5436001605108535,False,,,37483.6003837572
W,2023-08-07,high_fit,0.5165562913907285,0.4721500141354164,0.40069986775997934,0.5436001605108535,False,,,21834.617228802443
W,2023-08-14,high_fit,0.44368600682593856,0.4721500141354164,0.40069986775997934,0.5436001605108535,False,,,35376.97392314611
W,2023-08-21,high_fit,0.5220125786163522,0.4721500141354164,0.40069986775997934,0.5436001605108535,False,,,38226.04749960081
W,2023-08-28,high_fit,0.49517684887459806,0.4721500141354164,0.40069986775997934,0.5436001605108535,False,,,48843.16852740267
W,2023-09-04,high_fit,0.46407185628742514,0.4721500141354164,0.40069986775997934,0.5436001605108535,False,,,35581.41394369402
W,2023-09-11,high_fit,0.44680851063829785,0.4721500141354164,0.40069986775997934,0.5436001605108535,False,,,48414.71393877839
W,2023-09-18,high_fit,0.5304878048780488,0.4721500141354164,0.40069986775997934,0.5436001605108535,False,,,33622.47562281605
W,2023-09-25,high_fit,0.4734982332155477,0.4721500141354164,0.40069986775997934,0.5436001605108535,False,,,47137.67620620281
W,2023-10-02,high_fit,0.48125,0.4721500141354164,0.40069986775997934,0.5436001605108535,False,,,39037.265754514905
W,2023-10-09,high_fit,0.41839762611275966,0.4721500141354164,0.40069986775997934,0.5436001605108535,False,,,48426.20167579965
W,2023-10-16,high_fit,0.4696969696969697,0.4721500141354164,0.40069986775997934,0.5436001605108535,False,,,34209.18977491582
W,2023-10-23,high_fit,0.4584615384615385,0.4721500141354164,0.40069986775997934,0.5436001605108535,False,,,55121.82125179573
W,2023-10-30,high_fit,0.4369230769230769,0.4721500141354164,0.40069986775997934,0.5436001605108535,False,,,48971.64739013053
W,2023-11-06,high_fit,0.43037974683544306,0.4721500141354164,0.40069986775997934,0.5436001605108535,False,,,53932.5641520989
W,2023-11-13,high_fit,0.4406779661016949,0.4721500141354164,0.40069986775997934,0.5436001605108535,False,,,27709.92078539011
W,2023-11-20,high_fit,0.48328267477203646,0.4721500141354164,0.40069986775997934,0.5436001605108535,False,,,38670.19772411921
W,2023-11-27,high_fit,0.4972067039106145,0.4721500141354164,0.40069986775997934,0.5436001605108535,False,,,34699.07567657089
W,2023-12-04,high_fit,0.459214501510574,0.4721500141354164,0.40069986775997934,0.5436001605108535,False,,,35673.63517642846
W,2023-12-11,high_fit,0.49825783972125437,0.4721500141354164,0.40069986775997934,0.5436001605108535,False,,,33008.1692246672
W,2023-12-18,high_fit,0.4806451612903226,0.4721500141354164,0.40069986775997934,0.5436001605108535,False,,,56351.02687760415
W,2023-12-25,high_fit,0.42517006802721086,0.4721500141354164,0.40069986775997934,0.5436001605108535,False,,,42829.14134160539
W,2024-01-01,high_fit,0.47096774193548385,0.4721500141354164,0.40069986775997934,0.5436001605108535,False,,,56203.8650791208
W,2024-01-08,high_fit,0.4775641025641026,0.4721500141354164,0.40069986775997934,0.5436001605108535,False,,,40903.614573556835
W,2024-01-15,high_fit,0.5144694533762058,0.4721500141354164,0.40069986775997934,0.5436001605108535,False,,,56181.52706554123
W,2024-01-22,high_fit,0.48606811145510836,0.4721500141354164,0.40069986775997934,0.5436001605108535,False,,,37584.48449902476
W,2024-01-29,high_fit,0.47157190635451507,0.4721500141354164,0.40069986775997934,0.5436001605108535,False,,,49123.37115733838
W,2024-02-05,high_fit,0.48562300319488816,0.4721500141354164,0.40069986775997934,0.5436001605108535,False,,,39756.09557623301
W,2024-02-12,high_fit,0.4789156626506024,0.4721500141354164,0.40069986775997934,0.5436001605108535,False,,,39593.75761846148
W,2024-02-19,high_fit,0.47335423197492166,0.4721500141354164,0.40069986775997934,0.5436001605108535,False,,,33390.31877755824
W,2024-02-26,high_fit,0.4899135446685879,0.4721500141354164,0.40069986775997934,0.5436001605108535,False,,,39186.80800381298
W,2024-03-04,high_fit,0.46973365617433416,0.4721500141354164,0.40069986775997934,0.5436001605108535,False,,,54067.482916333014
W,2024-03-11,high_fit,0.43341404358353514,0.4721500141354164,0.40069986775997934,0.5436001605108535,False,,,51947.30094058588
W,2024-03-18,high_fit,0.4270833333333333,0.4721500141354164,0.40069986775997934,0.5436001605108535,False,,,45337.42704036845
W,2024-03-25,high_fit,0.3847980997624703,0.4721500141354164,0.40069986775997934,0.5436001605108535,True,abajo,fuera de los límites,42433.568177579444
W,2024-04-01,high_fit,0.42761692650334077,0.4721500141354164,0.40069986775997934,0.5436001605108535,True,abajo,3 de 4 puntos cerca del límite,32493.501924657026
W,2024-04-08,high_fit,0.4318181818181818,0.4721500141354164,0.40069986775997934,0.5436001605108535,True,abajo,3 de 4 puntos cerca del límite,54465.08164877089
W,2024-04-15,high_fit,0.41445783132530123,0.4721500141354164,0.40069986775997934,0.5436001605108535,True,abajo,3 de 4 puntos cerca del límite,41564.43882673835
W,2024-04-22,high_fit,0.4307692307692308,0.4721500141354164,0.40069986775997934,0.5436001605108535,True,abajo,8 puntos seguidos del mismo lado,48371.23403005429
W,2024-04-29,high_fit,0.4411764705882353,0.4721500141354164,0.40069986775997934,0.5436001605108535,True,abajo,8 puntos seguidos del mismo lado,47970.42187481724
W,2024-05-06,high_fit,0.43478260869565216,0.4721500141354164,0.40069986775997934,0.5436001605108535,True,abajo,8 puntos seguidos del mismo lado,49327.06071155433
W,2024-05-13,high_fit,0.4630541871921182,0.4721500141354164,0.40069986775997934,0.5436001605108535,True,abajo,8 puntos seguidos del mismo lado,49023.41084702478
W,2024-05-20,high_fit,0.44,0.4721500141354164,0.40069986775997934,0.5436001605108535,True,abajo,8 puntos seguidos del mismo lado,72388.88892770617
W,2024-05-27,high_fit,0.457286432160804,0.4721500141354164,0.40069986775997934,0.5436001605108535,True,abajo,8 puntos seguidos del mismo lado,63911.69977375383
W,2024-06-03,high_fit,0.4261904761904762,0.4721500141354164,0.40069986775997934,0.5436001605108535,True,abajo,8 puntos seguidos del mismo lado,49578.03870764446
W,2024-06-10,high_fit,0.42630385487528344,0.4721500141354164,0.40069986775997934,0.5436001605108535,True,abajo,8 puntos seguidos del mismo lado,34576.17683209633
W,2024-06-17,high_fit,0.43847874720357943,0.4721500141354164,0.40069986775997934,0.5436001605108535,True,abajo,8 puntos seguidos del mismo lado,48362.20210519777
W,2024-06-24,high_fit,0.4304932735426009,0.4721500141354164,0.40069986775997934,0.5436001605108535,True,abajo,8 puntos seguidos del mismo lado,46715.482486790344
W,2024-07-01,high_fit,0.4430693069306931,0.4721500141354164,0.40069986775997934,0.5436001605108535,True,abajo,8 puntos seguidos del mismo lado,40157.893001170276
W,2024-07-08,high_fit,0.4485294117647059,0.4721500141354164,0.40069986775997934,0.5436001605108535,True,abajo,8 puntos seguidos del mismo lado,52170.96509899041
W,2024-07-15,high_fit,0.41411764705882353,0.4721500141354164,0.40069986775997934,0.5436001605108535,True,abajo,8 puntos seguidos del mismo lado,35502.809825118966
W,2024-07-22,high_fit,0.43707093821510296,0.4721500141354164,0.40069986775997934,0.5436001605108535,True,abajo,8 puntos seguidos del mismo lado,41450.15961145888
W,2024-07-29,high_fit,0.4315068493150685,0.4721500141354164,0.40069986775997934,0.5436001605108535,True,abajo,8 puntos seguidos del mismo lado,51009.93853332422
W,2024-08-05,high_fit,0.4256926952141058,0.4721500141354164,0.40069986775997934,0.5436001605108535,True,abajo,8 puntos seguidos del mismo lado,46443.5016622156
W,2024-08-12,high_fit,0.42369020501138954,0.4721500141354164,0.40069986775997934,0.5436001605108535,True,abajo,8 puntos seguidos del mismo lado,49059.319304498254
W,2024-08-19,high_fit,0.4188034188034188,0.4721500141354164,0.40069986775997934,0.5436001605108535,True,abajo,8 puntos seguidos del mismo lado,46917.91121244384
W,2024-08-26,high_fit,0.42424242424242425,0.4721500141354164,0.40069986775997934,0.5436001605108535,True,abajo,8 puntos seguidos del mismo lado,46403.90090363417
W,2024-09-02,high_fit,0.4578059071729958,0.4721500141354164,0.40069986775997934,0.5436001605108535,True,abajo,8 puntos seguidos del mismo lado,46827.79586290622
W,2024-09-09,high_fit,0.4552238805970149,0.4721500141354164,0.40069986775997934,0.5436001605108535,True,abajo,8 puntos seguidos del mismo lado,40377.31151381648
W,2024-09-16,high_fit,0.4288939051918736,0.4721500141354164,0.40069986775997934,0.5436001605108535,True,abajo,8 puntos seguidos del mismo lado,46723.64125219466
W,2024-09-23,high_fit,0.46588235294117647,0.4721500141354164,0.40069986775997934,0.5436001605108535,True,abajo,8 puntos seguidos del mismo lado,43904.8357209625
W,2024-09-30,high_fit,0.4365256124721604,0.4721500141354164,0.40069986775997934,0.5436001605108535,True,abajo,8 puntos seguidos del mismo lado,41931.77317578543
W,2024-10-07,high_fit,0.4176904176904177,0.4721500141354164,0.40069986775997934,0.5436001605108535,True,abajo,8 puntos seguidos del mismo lado,29621.318081664882
W,2024-10-14,high_fit,0.43160377358490565,0.4721500141354164,0.40069986775997934,0.5436001605108535,True,abajo,8 puntos seguidos del mismo lado,45128.99930646939
W,2024-10-21,high_fit,0.4186046511627907,0.4721500141354164,0.40069986775997934,0.5436001605108535,True,abajo,8 puntos seguidos del mismo lado,52273.13281565984
W,2022-12-26,speed_p50,2.245444162064665,1.8235481087761913,1.118772070239481,2.528324147312902,False,,,
W,2023-01-02,speed_p50,1.7880770166302054,1.8235481087761913,1.118772070239481,2.528324147312902,False,,,
W,2023-01-09,speed_p50,1.7716603631407881,1.8235481087761913,1.118772070239481,2.528324147312902,False,,,22580.928461854288
W,2023-01-16,speed_p50,1.8724455591537534,1.8235481087761913,1.118772070239481,2.528324147312902,False,,,61525.08945408468
W,2023-01-23,speed_p50,1.5126561187512373,1.8235481087761913,1.118772070239481,2.528324147312902,False,,,31525.765602307518
W,2023-01-30,speed_p50,1.9552170855390703,1.8235481087761913,1.118772070239481,2.528324147312902,False,,,32245.9857584288
W,2023-02-06,speed_p50,1.4346622109118055,1.8235481087761913,1.118772070239481,2.528324147312902,False,,,36259.911092600414
W,2023-02-13,speed_p50,1.6326862246092566,1.8235481087761913,1.118772070239481,2.528324147312902,False,,,45307.79106460976
W,2023-02-20,speed_p50,1.9789930175750063,1.8235481087761913,1.118772070239481,2.528324147312902,False,,,42583.98443135696
W,2023-02-27,speed_p50,1.8144633991117263,1.8235481087761913,1.118772070239481,2.528324147312902,False,,,33829.47560223134
W,2023-03-06,speed_p50,1.809351805588242,1.8235481087761913,1.118772070239481,2.528324147312902,False,,,48749.25446125105
W,2023-03-13,speed_p50,2.1370140025629585,1.8235481087761913,1.118772070239481,2.528324147312902,False,,,32769.66425767945
W,2023-03-20,speed_p50,2.2347787930384664,1.8235481087761913,1.118772070239481,2.528324147312902,False,,,45519.08510394012
W,2023-03-27,speed_p50,2.0143600963262327,1.8235481087761913,1.118772070239481,2.528324147312902,False,,,58129.153717680994
W,2023-04-03,speed_p50,1.7946884421231837,1.8235481087761913,1.118772070239481,2.528324147312902,False,,,63241.25704619172
W,2023-04-10,speed_p50,1.6220680824042641,1.8235481087761913,1.118772070239481,2.528324147312902,False,,,30668.087466826026
W,2023-04-17,speed_p50,1.6158916612851462,1.8235481087761913,1.118772070239481,2.528324147312902,False,,,42756.51494976698
W,2023-04-24,speed_p50,1.4087831059807376,1.8235481087761913,1.118772070239481,2.528324147312902,False,,,45382.80430374116
W,2023-05-01,speed_p50,2.1937664024686514,1.8235481087761913,1.118772070239481,2.528324147312902,False,,,52933.364673196884
W,2023-05-08,speed_p50,1.9067542724604438,1.8235481087761913,1.118772070239481,2.528324147312902,False,,,47645.283858519404
W,2023-05-15,speed_p50,1.5434380353513777,1.8235481087761913,1.118772070239481,2.528324147312902,False,,,51670.95072654402
W,2023-05-22,speed_p50,1.9650429209796394,1.8235481087761913,1.118772070239481,2.528324147312902,False,,,46687.11883122527
W,2023-05-29,speed_p50,1.653278612929819,1.8235481087761913,1.118772070239481,2.528324147312902,False,,,51241.891656888234
W,2023-06-05,speed_p50,1.6947473337928662,1.8235481087761913,1.118772070239481,2.528324147312902,False,,,35157.69661949646
W,2023-06-12,speed_p50,1.6519710121998998,1.8235481087761913,1.118772070239481,2.528324147312902,False,,,60507.90028318686
W,2023-06-19,speed_p50,2.160011091201536,1.8235481087761913,1.118772070239481,2.528324147312902,False,,,34252.585186493314
W,2023-06-26,speed_p50,1.4568096649713884,1.8235481087761913,1.118772070239481,2.528324147312902,False,,,41499.693778308654
W,2023-07-03,speed_p50,2.1747777115423803,1.8235481087761913,1.118772070239481,2.528324147312902,False,,,26371.792009034103
W,2023-07-10,speed_p50,1.989517688304608,1.8235481087761913,1.118772070239481,2.528324147312902,False,,,37793.99837293937
W,2023-07-17,speed_p50,1.9732439553962953,1.8235481087761913,1.118772070239481,2.528324147312902,False,,,52037.0533517665
W,2023-07-24,speed_p50,2.2533010028260803,1.8235481087761913,1.118772070239481,2.528324147312902,False,,,46131.41401048461
W,2023-07-31,speed_p50,1.9471272795651264,1.8235481087761913,1.118772070239481,2.528324147312902,False,,,37483.6003837572
W,2023-08-07,speed_p50,1.9292821007902516,1.8235481087761913,1.118772070239481,2.528324147312902,False,,,21834.617228802443
W,2023-08-14,speed_p50,1.9375522059824268,1.8235481087761913,1.118772070239481,2.528324147312902,False,,,35376.97392314611
W,2023-08-21,speed_p50,1.8598767013751702,1.8235481087761913,1.118772070239481,2.528324147312902,True,arriba,8 puntos seguidos del mismo lado,38226.04749960081
W,2023-08-28,speed_p50,1.6792480750226442,1.8235481087761913,1.118772070239481,2.528324147312902,False,,,48843.16852740267
W,2023-09-04,speed_p50,1.7213828754825478,1.8235481087761913,1.118772070239481,2.528324147312902,False,,,35581.41394369402
W,2023-09-11,speed_p50,1.8837469908968738,1.8235481087761913,1.118772070239481,2.528324147312902,False,,,48414.71393877839
W,2023-09-18,speed_p50,2.215472926433808,1.8235481087761913,1.118772070239481,2.528324147312902,False,,,33622.47562281605
W,2023-09-25,speed_p50,1.8236691509796246,1.8235481087761913,1.118772070239481,2.528324147312902,False,,,47137.67620620281
W,2023-10-02,speed_p50,2.135527701239221,1.8235481087761913,1.118772070239481,2.528324147312902,False,,,39037.265754514905
W,2023-10-09,speed_p50,1.9015284203251537,1.8235481087761913,1.118772070239481,2.528324147312902,False,,,48426.20167579965
W,2023-10-16,speed_p50,1.8527753753661322,1.8235481087761913,1.118772070239481,2.528324147312902,False,,,34209.18977491582
W,2023-10-23,speed_p50,2.290478901553181,1.8235481087761913,1.118772070239481,2.528324147312902,False,,,55121.82125179573
W,2023-10-30,speed_p50,1.6851559217934842,1.8235481087761913,1.118772070239481,2.528324147312902,False,,,48971.64739013053
W,2023-11-06,speed_p50,1.8199406546794856,1.8235481087761913,1.118772070239481,2.528324147312902,False,,,53932.5641520989
W,2023-11-13,speed_p50,1.515737962910182,1.8235481087761913,1.118772070239481,2.528324147312902,False,,,27709.92078539011
W,2023-11-20,speed_p50,1.6729883607646547,1.8235481087761913,1.118772070239481,2.528324147312902,False,,,38670.19772411921
W,2023-11-27,speed_p50,2.0008826789523018,1.8235481087761913,1.118772070239481,2.528324147312902,False,,,34699.07567657089
W,2023-12-04,speed_p50,1.682604895058097,1.8235481087761913,1.118772070239481,2.528324147312902,False,,,35673.63517642846
W,2023-12-11,speed_p50,1.8665268120181242,1.8235481087761913,1.118772070239481,2.528324147312902,False,,,33008.1692246672
W,2023-12-18,speed_p50,2.3731759851401337,1.8235481087761913,1.118772070239481,2.528324147312902,False,,,56351.02687760415
W,2023-12-25,speed_p50,1.8149386854115281,1.8235481087761913,1.118772070239481,2.528324147312902,False,,,42829.14134160539
W,2024-01-01,speed_p50,2.1541534594092653,1.8235481087761913,1.118772070239481,2.528324147312902,False,,,56203.8650791208
W,2024-01-08,speed_p50,2.025886511800592,1.8235481087761913,1.118772070239481,2.528324147312902,False,,,40903.614573556835
W,2024-01-15,speed_p50,1.8301514992736312,1.8235481087761913,1.118772070239481,2.528324147312902,False,,,56181.52706554123
W,2024-01-22,speed_p50,1.9099266759844569,1.8235481087761913,1.118772070239481,2.528324147312902,False,,,37584.48449902476
W,2024-01-29,speed_p50,2.371318454637422,1.8235481087761913,1.118772070239481,2.528324147312902,False,,,49123.37115733838
W,2024-02-05,speed_p50,1.9526070436695189,1.8235481087761913,1.118772070239481,2.528324147312902,False,,,39756.09557623301
W,2024-02-12,speed_p50,1.9727249412059513,1.8235481087761913,1.118772070239481,2.528324147312902,False,,,39593.75761846148
W,2024-02-19,speed_p50,2.701082652770382,1.8235481087761913,1.118772070239481,2.528324147312902,True,arriba,fuera de los límites,33390.31877755824
W,2024-02-26,speed_p50,3.3863091438796054,1.8235481087761913,1.118772070239481,2.528324147312902,True,arriba,fuera de los límites,39186.80800381298
W,2024-03-04,speed_p50,5.311197114304701,1.8235481087761913,1.118772070239481,2.528324147312902,True,arriba,fuera de los límites,54067.482916333014
W,2024-03-11,speed_p50,4.536307202431544,1.8235481087761913,1.118772070239481,2.528324147312902,True,arriba,fuera de los límites,51947.30094058588
W,2024-03-18,speed_p50,4.436956486817645,1.8235481087761913,1.118772070239481,2.528324147312902,True,arriba,fuera de los límites,45337.42704036845
W,2024-03-25,speed_p50,5.419097285721557,1.8235481087761913,1.118772070239481,2.528324147312902,True,arriba,fuera de los límites,42433.568177579444
W,2024-04-01,speed_p50,4.922273097360814,1.8235481087761913,1.118772070239481,2.528324147312902,True,arriba,fuera de los límites,32493.501924657026
W,2024-04-08,speed_p50,5.065149825460658,1.8235481087761913,1.118772070239481,2.528324147312902,True,arriba,fuera de los límites,54465.08164877089
W,2024-04-15,speed_p50,6.0057909514774845,1.8235481087761913,1.118772070239481,2.528324147312902,True,arriba,fuera de los límites,41564.43882673835
W,2024-04-22,speed_p50,5.4509417185333575,1.8235481087761913,1.118772070239481,2.528324147312902,True,arriba,fuera de los límites,48371.23403005429
W,2024-04-29,speed_p50,4.839007260817694,1.8235481087761913,1.118772070239481,2.528324147312902,True,arriba,fuera de los límites,47970.42187481724
W,2024-05-06,speed_p50,5.539629264211015,1.8235481087761913,1.118772070239481,2.528324147312902,True,arriba,fuera de los límites,49327.06071155433
W,2024-05-13,speed_p50,5.159477498100237,1.8235481087761913,1.118772070239481,2.528324147312902,True,arriba,fuera de los límites,49023.41084702478
W,2024-05-20,speed_p50,5.738918410880424,1.8235481087761913,1.118772070239481,2.528324147312902,True,arriba,fuera de los límites,72388.88892770617
W,2024-05-27,speed_p50,4.716132663693299,1.8235481087761913,1.118772070239481,2.528324147312902,True,arriba,fuera de los límites,63911.69977375383
W,2024-06-03,speed_p50,5.742361997051881,1.8235481087761913,1.118772070239481,2.528324147312902,True,arriba,fuera de los límites,49578.03870764446
W,2024-06-10,speed_p50,5.119842792539976,1.8235481087761913,1.118772070239481,2.528324147312902,True,arriba,fuera de los límites,34576.17683209633
W,2024-06-17,speed_p50,5.599005441840306,1.8235481087761913,1.118772070239481,2.528324147312902,True,arriba,fuera de los límites,48362.20210519777
W,2024-06-24,speed_p50,5.471934457273125,1.8235481087761913,1.118772070239481,2.528324147312902,True,arriba,fuera de los límites,46715.482486790344
W,2024-07-01,speed_p50,6.471266201233524,1.8235481087761913,1.118772070239481,2.528324147312902,True,arriba,fuera de los límites,40157.893001170276
W,2024-07-08,speed_p50,5.3401579769779,1.8235481087761913,1.118772070239481,2.528324147312902,True,arriba,fuera de los límites,52170.96509899041
W,2024-07-15,speed_p50,5.220953263400467,1.8235481087761913,1.118772070239481,2.528324147312902,True,arriba,fuera de los límites,35502.809825118966
W,2024-07-22,speed_p50,5.250073976064821,1.8235481087761913,1.118772070239481,2.528324147312902,True,arriba,fuera de los límites,41450.15961145888
W,2024-07-29,speed_p50,5.31596524200877,1.8235481087761913,1.118772070239481,2.528324147312902,True,arriba,fuera de los límites,51009.93853332422
W,2024-08-05,speed_p50,4.7928302247000865,1.8235481087761913,1.118772070239481,2.528324147312902,True,arriba,fuera de los límites,46443.5016622156
W,2024-08-12,speed_p50,5.754561341743177,1.8235481087761913,1.118772070239481,2.528324147312902,True,arriba,fuera de los límites,49059.319304498254
W,2024-08-19,speed_p50,5.02328363811059,1.8235481087761913,1.118772070239481,2.528324147312902,True,arriba,fuera de los límites,46917.91121244384
W,2024-08-26,speed_p50,5.696650829215284,1.8235481087761913,1.118772070239481,2.528324147312902,True,arriba,fuera de los límites,46403.90090363417
W,2024-09-02,speed_p50,6.182369374314308,1.8235481087761913,1.118772070239481,2.528324147312902,True,arriba,fuera de los límites,46827.79586290622
W,2024-09-09,speed_p50,6.185066670547444,1.8235481087761913,1.118772070239481,2.528324147312902,True,arriba,fuera de los límites,40377.31151381648
W,2024-09-16,speed_p50,5.2974591488243306,1.8235481087761913,1.118772070239481,2.528324147312902,True,arriba,fuera de los límites,46723.64125219466
W,2024-09-23,speed_p50,5.400992284233185,1.8235481087761913,1.118772070239481,2.528324147312902,True,arriba,fuera de los límites,43904.8357209625
W,2024-09-30,speed_p50,4.948507081827087,1.8235481087761913,1.118772070239481,2.528324147312902,True,arriba,fuera de los límites,41931.77317578543
W,2024-10-07,speed_p50,4.725993684365778,1.8235481087761913,1.118772070239481,2.528324147312902,True,arriba,fuera de los límites,29621.318081664882
W,2024-10-14,speed_p50,5.480304070863308,1.8235481087761913,1.118772070239481,2.528324147312902,True,arriba,fuera de los límites,45128.99930646939
W,2024-10-21,speed_p50,5.832019952308215,1.8235481087761913,1.118772070239481,2.528324147312902,True,arriba,fuera de los límites,52273.13281565984
W,2022-12-26,sla_1h,0.1875,0.30253673948527865,0.15468259617137103,0.45039088279918627,False,,,
W,2023-01-02,sla_1h,0.37572254335260113,0.30253673948527865,0.15468259617137103,0.45039088279918627,False,,,
W,2023-01-09,sla_1h,0.28654970760233917,0.30253673948527865,0.15468259617137103,0.45039088279918627,False,,,22580.928461854288
W,2023-01-16,sla_1h,0.28205128205128205,0.30253673948527865,0.15468259617137103,0.45039088279918627,False,,,61525.08945408468
W,2023-01-23,sla_1h,0.36649214659685864,0.30253673948527865,0.15468259617137103,0.45039088279918627,False,,,31525.765602307518
W,2023-01-30,sla_1h,0.31868131868131866,0.30253673948527865,0.15468259617137103,0.45039088279918627,False,,,32245.9857584288
W,2023-02-06,sla_1h,0.3482587064676617,0.30253673948527865,0.15468259617137103,0.45039088279918627,False,,,36259.911092600414
W,2023-02-13,sla_1h,0.30319148936170215,0.30253673948527865,0.15468259617137103,0.45039088279918627,False,,,45307.79106460976
W,2023-02-20,sla_1h,0.27325581395348836,0.30253673948527865,0.15468259617137103,0.45039088279918627,False,,,42583.98443135696
W,2023-02-27,sla_1h,0.2459016393442623,0.30253673948527865,0.15468259617137103,0.45039088279918627,False,,,33829.47560223134
W,2023-03-06,sla_1h,0.30057803468208094,0.30253673948527865,0.15468259617137103,0.45039088279918627,False,,,48749.25446125105
W,2023-03-13,sla_1h,0.2737430167597765,0.30253673948527865,0.15468259617137103,0.45039088279918627,False,,,32769.66425767945
W,2023-03-20,sla_1h,0.2631578947368421,0.30253673948527865,0.15468259617137103,0.45039088279918627,False,,,45519.08510394012
W,2023-03-27,sla_1h,0.22839506172839505,0.30253673948527865,0.15468259617137103,0.45039088279918627,False,,,58129.153717680994
W,2023-04-03,sla_1h,0.3670212765957447,0.30253673948527865,0.15468259617137103,0.45039088279918627,False,,,63241.25704619172
W,2023-04-10,sla_1h,0.3081395348837209,0.30253673948527865,0.15468259617137103,0.45039088279918627,False,,,30668.087466826026
W,2023-04-17,sla_1h,0.32926829268292684,0.30253673948527865,0.15468259617137103,0.45039088279918627,False,,,42756.51494976698
W,2023-04-24,sla_1h,0.3696969696969697,0.30253673948527865,0.15468259617137103,0.45039088279918627,False,,,45382.80430374116
W,2023-05-01,sla_1h,0.2755102040816326,0.30253673948527865,0.15468259617137103,0.45039088279918627,False,,,52933.364673196884
W,2023-05-08,sla_1h,0.2896174863387978,0.30253673948527865,0.15468259617137103,0.45039088279918627,False,,,47645.283858519404
W,2023-05-15,sla_1h,0.3448275862068966,0.30253673948527865,0.15468259617137103,0.45039088279918627,False,,,51670.95072654402
W,2023-05-22,sla_1h,0.2875816993464052,0.30253673948527865,0.15468259617137103,0.45039088279918627,False,,,46687.11883122527
W,2023-05-29,sla_1h,0.3352941176470588,0.30253673948527865,0.15468259617137103,0.45039088279918627,False,,,51241.891656888234
W,2023-06-05,sla_1h,0.29518072289156627,0.30253673948527865,0.15468259617137103,0.45039088279918627,False,,,35157.69661949646
W,2023-06-12,sla_1h,0.3515151515151515,0.30253673948527865,0.15468259617137103,0.45039088279918627,False,,,60507.90028318686
W,2023-06-19,sla_1h,0.25882352941176473,0.30253673948527865,0.15468259617137103,0.45039088279918627,False,,,34252.585186493314
W,2023-06-26,sla_1h,0.37058823529411766,0.30253673948527865,0.15468259617137103,0.45039088279918627,False,,,41499.693778308654
W,2023-07-03,sla_1h,0.25308641975308643,0.30253673948527865,0.15468259617137103,0.45039088279918627,False,,,26371.792009034103
W,2023-07-10,sla_1h,0.2929936305732484,0.30253673948527865,0.15468259617137103,0.45039088279918627,False,,,37793.99837293937
W,2023-07-17,sla_1h,0.30128205128205127,0.30253673948527865,0.15468259617137103,0.45039088279918627,False,,,52037.0533517665
W,2023-07-24,sla_1h,0.2905027932960894,0.30253673948527865,0.15468259617137103,0.45039088279918627,False,,,46131.41401048461
W,2023-07-31,sla_1h,0.2727272727272727,0.30253673948527865,0.15468259617137103,0.45039088279918627,False,,,37483.6003837572
W,2023-08-07,sla_1h,0.31213872832369943,0.30253673948527865,0.15468259617137103,0.45039088279918627,False,,,21834.617228802443
W,2023-08-14,sla_1h,0.28289473684210525,0.30253673948527865,0.15468259617137103,0.45039088279918627,False,,,35376.97392314611
W,2023-08-21,sla_1h,0.2878787878787879,0.30253673948527865,0.15468259617137103,0.45039088279918627,False,,,38226.04749960081
W,2023-08-28,sla_1h,0.33532934131736525,0.30253673948527865,0.15468259617137103,0.45039088279918627,False,,,48843.16852740267
W,2023-09-04,sla_1h,0.3333333333333333,0.30253673948527865,0.15468259617137103,0.45039088279918627,False,,,35581.41394369402
W,2023-09-11,sla_1h,0.2578947368421053,0.30253673948527865,0.15468259617137103,0.45039088279918627,False,,,48414.71393877839
W,2023-09-18,sla_1h,0.23655913978494625,0.30253673948527865,0.15468259617137103,0.45039088279918627,False,,,33622.47562281605
W,2023-09-25,sla_1h,0.26993865030674846,0.30253673948527865,0.15468259617137103,0.45039088279918627,False,,,47137.67620620281
W,2023-10-02,sla_1h,0.24324324324324326,0.30253673948527865,0.15468259617137103,0.45039088279918627,False,,,39037.265754514905
W,2023-10-09,sla_1h,0.26063829787234044,0.30253673948527865,0.15468259617137103,0.45039088279918627,False,,,48426.20167579965
W,2023-10-16,sla_1h,0.25842696629213485,0.30253673948527865,0.15468259617137103,0.45039088279918627,False,,,34209.18977491582
W,2023-10-23,sla_1h,0.27976190476190477,0.30253673948527865,0.15468259617137103,0.45039088279918627,False,,,55121.82125179573
W,2023-10-30,sla_1h,0.3298429319371728,0.30253673948527865,0.15468259617137103,0.45039088279918627,False,,,48971.64739013053
W,2023-11-06,sla_1h,0.3390804597701149,0.30253673948527865,0.15468259617137103,0.45039088279918627,False,,,53932.5641520989
W,2023-11-13,sla_1h,0.3271604938271605,0.30253673948527865,0.15468259617137103,0.45039088279918627,False,,,27709.92078539011
W,2023-11-20,sla_1h,0.3263157894736842,0.30253673948527865,0.15468259617137103,0.45039088279918627,False,,,38670.19772411921
W,2023-11-27,sla_1h,0.2894736842105263,0.30253673948527865,0.15468259617137103,0.45039088279918627,False,,,34699.07567657089
W,2023-12-04,sla_1h,0.3147208121827411,0.30253673948527865,0.15468259617137103,0.45039088279918627,False,,,35673.63517642846
W,2023-12-11,sla_1h,0.3023255813953488,0.30253673948527865,0.15468259617137103,0.45039088279918627,False,,,33008.1692246672
W,2023-12-18,sla_1h,0.2289156626506024,0.30253673948527865,0.15468259617137103,0.45039088279918627,False,,,56351.02687760415
W,2023-12-25,sla_1h,0.28205128205128205,0.30253673948527865,0.15468259617137103,0.45039088279918627,False,,,42829.14134160539
W,2024-01-01,sla_1h,0.28488372093023256,0.30253673948527865,0.15468259617137103,0.45039088279918627,False,,,56203.8650791208
W,2024-01-08,sla_1h,0.2459016393442623,0.30253673948527865,0.15468259617137103,0.45039088279918627,False,,,40903.614573556835
W,2024-01-15,sla_1h,0.28651685393258425,0.30253673948527865,0.15468259617137103,0.45039088279918627,False,,,56181.52706554123
W,2024-01-22,sla_1h,0.2926829268292683,0.30253673948527865,0.15468259617137103,0.45039088279918627,False,,,37584.48449902476
W,2024-01-29,sla_1h,0.2411764705882353,0.30253673948527865,0.15468259617137103,0.45039088279918627,True,abajo,8 puntos seguidos del mismo lado,49123.37115733838
W,2024-02-05,sla_1h,0.3277777777777778,0.30253673948527865,0.15468259617137103,0.45039088279918627,False,,,39756.09557623301
W,2024-02-12,sla_1h,0.29591836734693877,0.30253673948527865,0.15468259617137103,0.45039088279918627,False,,,39593.75761846148
W,2024-02-19,sla_1h,0.25301204819277107,0.30253673948527865,0.15468259617137103,0.45039088279918627,False,,,33390.31877755824
W,2024-02-26,sla_1h,0.13333333333333333,0.30253673948527865,0.15468259617137103,0.45039088279918627,True,abajo,fuera de los límites,39186.80800381298
W,2024-03-04,sla_1h,0.10357142857142858,0.30253673948527865,0.15468259617137103,0.45039088279918627,True,abajo,fuera de los límites,54067.482916333014
W,2024-03-11,sla_1h,0.06513409961685823,0.30253673948527865,0.15468259617137103,0.45039088279918627,True,abajo,fuera de los límites,51947.30094058588
W,2024-03-18,sla_1h,0.10441767068273092,0.30253673948527865,0.15468259617137103,0.45039088279918627,True,abajo,fuera de los límites,45337.42704036845
W,2024-03-25,sla_1h,0.07420494699646643,0.30253673948527865,0.15468259617137103,0.45039088279918627,True,abajo,fuera de los límites,42433.568177579444
W,2024-04-01,sla_1h,0.08414239482200647,0.30253673948527865,0.15468259617137103,0.45039088279918627,True,abajo,fuera de los límites,32493.501924657026
W,2024-04-08,sla_1h,0.08852459016393442,0.30253673948527865,0.15468259617137103,0.45039088279918627,True,abajo,fuera de los límites,54465.08164877089
W,2024-04-15,sla_1h,0.08914728682170543,0.30253673948527865,0.15468259617137103,0.45039088279918627,True,abajo,fuera de los límites,41564.43882673835
W,2024-04-22,sla_1h,0.06779661016949153,0.30253673948527865,0.15468259617137103,0.45039088279918627,True,abajo,fuera de los límites,48371.23403005429
W,2024-04-29,sla_1h,0.08904109589041095,0.30253673948527865,0.15468259617137103,0.45039088279918627,True,abajo,fuera de los límites,47970.42187481724
W,2024-05-06,sla_1h,0.08203125,0.30253673948527865,0.15468259617137103,0.45039088279918627,True,abajo,fuera de los límites,49327.06071155433
W,2024-05-13,sla_1h,0.09057971014492754,0.30253673948527865,0.15468259617137103,0.45039088279918627,True,abajo,fuera de los límites,49023.41084702478
W,2024-05-20,sla_1h,0.06909090909090909,0.30253673948527865,0.15468259617137103,0.45039088279918627,True,abajo,fuera de los límites,72388.88892770617
W,2024-05-27,sla_1h,0.09701492537313433,0.30253673948527865,0.15468259617137103,0.45039088279918627,True,abajo,fuera de los límites,63911.69977375383
W,2024-06-03,sla_1h,0.08417508417508418,0.30253673948527865,0.15468259617137103,0.45039088279918627,True,abajo,fuera de los límites,49578.03870764446
W,2024-06-10,sla_1h,0.11149825783972125,0.30253673948527865,0.15468259617137103,0.45039088279918627,True,abajo,fuera de los límites,34576.17683209633
W,2024-06-17,sla_1h,0.06930693069306931,0.30253673948527865,0.15468259617137103,0.45039088279918627,True,abajo,fuera de los límites,48362.20210519777
W,2024-06-24,sla_1h,0.08496732026143791,0.30253673948527865,0.15468259617137103,0.45039088279918627,True,abajo,fuera de los límites,46715.482486790344
W,2024-07-01,sla_1h,0.06093189964157706,0.30253673948527865,0.15468259617137103,0.45039088279918627,True,abajo,fuera de los límites,40157.893001170276
W,2024-07-08,sla_1h,0.09225092250922509,0.30253673948527865,0.15468259617137103,0.45039088279918627,True,abajo,fuera de los límites,52170.96509899041
W,2024-07-15,sla_1h,0.08275862068965517,0.30253673948527865,0.15468259617137103,0.45039088279918627,True,abajo,fuera de los límites,35502.809825118966
W,2024-07-22,sla_1h,0.10774410774410774,0.30253673948527865,0.15468259617137103,0.45039088279918627,True,abajo,fuera de los límites,41450.15961145888
W,2024-07-29,sla_1h,0.05090909090909091,0.30253673948527865,0.15468259617137103,0.45039088279918627,True,abajo,fuera de los límites,51009.93853332422
W,2024-08-05,sla_1h,0.10074626865671642,0.30253673948527865,0.15468259617137103,0.45039088279918627,True,abajo,fuera de los límites,46443.5016622156
W,2024-08-12,sla_1h,0.07419354838709677,0.30253673948527865,0.15468259617137103,0.45039088279918627,True,abajo,fuera de los límites,49059.319304498254
W,2024-08-19,sla_1h,0.0764525993883792,0.30253673948527865,0.15468259617137103,0.45039088279918627,True,abajo,fuera de los límites,46917.91121244384
W,2024-08-26,sla_1h,0.061855670103092786,0.30253673948527865,0.15468259617137103,0.45039088279918627,True,abajo,fuera de los límites,46403.90090363417
W,2024-09-02,sla_1h,0.051118210862619806,0.30253673948527865,0.15468259617137103,0.45039088279918627,True,abajo,fuera de los límites,46827.79586290622
W,2024-09-09,sla_1h,0.07011070110701106,0.30253673948527865,0.15468259617137103,0.45039088279918627,True,abajo,fuera de los límites,40377.31151381648
W,2024-09-16,sla_1h,0.0782312925170068,0.30253673948527865,0.15468259617137103,0.45039088279918627,True,abajo,fuera de los límites,46723.64125219466
W,2024-09-23,sla_1h,0.06440677966101695,0.30253673948527865,0.15468259617137103,0.45039088279918627,True,abajo,fuera de los límites,43904.8357209625
W,2024-09-30,sla_1h,0.12264150943396226,0.30253673948527865,0.15468259617137103,0.45039088279918627,True,abajo,fuera de los límites,41931.77317578543
W,2024-10-07,sla_1h,0.0851063829787234,0.30253673948527865,0.15468259617137103,0.45039088279918627,True,abajo,fuera de los límites,29621.318081664882
W,2024-10-14,sla_1h,0.0708955223880597,0.30253673948527865,0.15468259617137103,0.45039088279918627,True,abajo,fuera de los límites,45128.99930646939
W,2024-10-21,sla_1h,0.066006600660066,0.30253673948527865,0.15468259617137103,0.45039088279918627,True,abajo,fuera de los límites,52273.13281565984
W,2022-12-26,work_to_eng,0.2857142857142857,0.2764028602999153,0.16994325898857332,0.38286246161125725,False,,,
W,2023-01-02,work_to_eng,0.3128834355828221,0.2764028602999153,0.16994325898857332,0.38286246161125725,False,,,
W,2023-01-09,work_to_eng,0.2662337662337662,0.2764028602999153,0.16994325898857332,0.38286246161125725,False,,,22580.928461854288
W,2023-01-16,work_to_eng,0.2097902097902098,0.2764028602999153,0.16994325898857332,0.38286246161125725,False,,,61525.08945408468
W,2023-01-23,work_to_eng,0.25443786982248523,0.2764028602999153,0.16994325898857332,0.38286246161125725,False,,,31525.765602307518
W,2023-01-30,work_to_eng,0.29651162790697677,0.2764028602999153,0.16994325898857332,0.38286246161125725,False,,,32245.9857584288
W,2023-02-06,work_to_eng,0.2717391304347826,0.2764028602999153,0.16994325898857332,0.38286246161125725,False,,,36259.911092600414
W,2023-02-13,work_to_eng,0.26704545454545453,0.2764028602999153,0.16994325898857332,0.38286246161125725,False,,,45307.79106460976
W,2023-02-20,work_to_eng,0.3105590062111801,0.2764028602999153,0.16994325898857332,0.38286246161125725,False,,,42583.98443135696
W,2023-02-27,work_to_eng,0.2235294117647059,0.2764028602999153,0.16994325898857332,0.38286246161125725,False,,,33829.47560223134
W,2023-03-06,work_to_eng,0.3128834355828221,0.2764028602999153,0.16994325898857332,0.38286246161125725,False,,,48749.25446125105
W,2023-03-13,work_to_eng,0.29375,0.2764028602999153,0.16994325898857332,0.38286246161125725,False,,,32769.66425767945
W,2023-03-20,work_to_eng,0.31210191082802546,0.2764028602999153,0.16994325898857332,0.38286246161125725,False,,,45519.08510394012
W,2023-03-27,work_to_eng,0.22580645161290322,0.2764028602999153,0.16994325898857332,0.38286246161125725,False,,,58129.153717680994
W,2023-04-03,work_to_eng,0.3235294117647059,0.2764028602999153,0.16994325898857332,0.38286246161125725,False,,,63241.25704619172
W,2023-04-10,work_to_eng,0.2974683544303797,0.2764028602999153,0.16994325898857332,0.38286246161125725,False,,,30668.087466826026
W,2023-04-17,work_to_eng,0.28378378378378377,0.2764028602999153,0.16994325898857332,0.38286246161125725,False,,,42756.51494976698
W,2023-04-24,work_to_eng,0.3,0.2764028602999153,0.16994325898857332,0.38286246161125725,False,,,45382.80430374116
W,2023-05-01,work_to_eng,0.2737430167597765,0.2764028602999153,0.16994325898857332,0.38286246161125725,False,,,52933.364673196884
W,2023-05-08,work_to_eng,0.2754491017964072,0.2764028602999153,0.16994325898857332,0.38286246161125725,False,,,47645.283858519404
W,2023-05-15,work_to_eng,0.25625,0.2764028602999153,0.16994325898857332,0.38286246161125725,False,,,51670.95072654402
W,2023-05-22,work_to_eng,0.3028169014084507,0.2764028602999153,0.16994325898857332,0.38286246161125725,False,,,46687.11883122527
W,2023-05-29,work_to_eng,0.25316455696202533,0.2764028602999153,0.16994325898857332,0.38286246161125725,False,,,51241.891656888234
W,2023-06-05,work_to_eng,0.26666666666666666,0.2764028602999153,0.16994325898857332,0.38286246161125725,False,,,35157.69661949646
W,2023-06-12,work_to_eng,0.22580645161290322,0.2764028602999153,0.16994325898857332,0.38286246161125725,False,,,60507.90028318686
W,2023-06-19,work_to_eng,0.2848101265822785,0.2764028602999153,0.16994325898857332,0.38286246161125725,False,,,34252.585186493314
W,2023-06-26,work_to_eng,0.2913907284768212,0.2764028602999153,0.16994325898857332,0.38286246161125725,False,,,41499.693778308654
W,2023-07-03,work_to_eng,0.2517985611510791,0.2764028602999153,0.16994325898857332,0.38286246161125725,False,,,26371.792009034103
W,2023-07-10,work_to_eng,0.2905405405405405,0.2764028602999153,0.16994325898857332,0.38286246161125725,False,,,37793.99837293937
W,2023-07-17,work_to_eng,0.2733333333333333,0.2764028602999153,0.16994325898857332,0.38286246161125725,False,,,52037.0533517665
W,2023-07-24,work_to_eng,0.275,0.2764028602999153,0.16994325898857332,0.38286246161125725,False,,,46131.41401048461
W,2023-07-31,work_to_eng,0.2631578947368421,0.2764028602999153,0.16994325898857332,0.38286246161125725,False,,,37483.6003837572
W,2023-08-07,work_to_eng,0.2625,0.2764028602999153,0.16994325898857332,0.38286246161125725,False,,,21834.617228802443
W,2023-08-14,work_to_eng,0.3357142857142857,0.2764028602999153,0.16994325898857332,0.38286246161125725,False,,,35376.97392314611
W,2023-08-21,work_to_eng,0.3055555555555556,0.2764028602999153,0.16994325898857332,0.38286246161125725,False,,,38226.04749960081
W,2023-08-28,work_to_eng,0.3125,0.2764028602999153,0.16994325898857332,0.38286246161125725,False,,,48843.16852740267
W,2023-09-04,work_to_eng,0.3240223463687151,0.2764028602999153,0.16994325898857332,0.38286246161125725,False,,,35581.41394369402
W,2023-09-11,work_to_eng,0.21428571428571427,0.2764028602999153,0.16994325898857332,0.38286246161125725,False,,,48414.71393877839
W,2023-09-18,work_to_eng,0.3142857142857143,0.2764028602999153,0.16994325898857332,0.38286246161125725,False,,,33622.47562281605
W,2023-09-25,work_to_eng,0.271523178807947,0.2764028602999153,0.16994325898857332,0.38286246161125725,False,,,47137.67620620281
W,2023-10-02,work_to_eng,0.26785714285714285,0.2764028602999153,0.16994325898857332,0.38286246161125725,False,,,39037.265754514905
W,2023-10-09,work_to_eng,0.23255813953488372,0.2764028602999153,0.16994325898857332,0.38286246161125725,False,,,48426.20167579965
W,2023-10-16,work_to_eng,0.3167701863354037,0.2764028602999153,0.16994325898857332,0.38286246161125725,False,,,34209.18977491582
W,2023-10-23,work_to_eng,0.2948717948717949,0.2764028602999153,0.16994325898857332,0.38286246161125725,False,,,55121.82125179573
W,2023-10-30,work_to_eng,0.25,0.2764028602999153,0.16994325898857332,0.38286246161125725,False,,,48971.64739013053
W,2023-11-06,work_to_eng,0.2721518987341772,0.2764028602999153,0.16994325898857332,0.38286246161125725,False,,,53932.5641520989
W,2023-11-13,work_to_eng,0.22695035460992907,0.2764028602999153,0.16994325898857332,0.38286246161125725,False,,,27709.92078539011
W,2023-11-20,work_to_eng,0.3160919540229885,0.2764028602999153,0.16994325898857332,0.38286246161125725,False,,,38670.19772411921
W,2023-11-27,work_to_eng,0.26436781609195403,0.2764028602999153,0.16994325898857332,0.38286246161125725,False,,,34699.07567657089
W,2023-12-04,work_to_eng,0.2983425414364641,0.2764028602999153,0.16994325898857332,0.38286246161125725,False,,,35673.63517642846
W,2023-12-11,work_to_eng,0.25157232704402516,0.2764028602999153,0.16994325898857332,0.38286246161125725,False,,,33008.1692246672
W,2023-12-18,work_to_eng,0.2229299363057325,0.2764028602999153,0.16994325898857332,0.38286246161125725,False,,,56351.02687760415
W,2023-12-25,work_to_eng,0.2689655172413793,0.2764028602999153,0.16994325898857332,0.38286246161125725,False,,,42829.14134160539
W,2024-01-01,work_to_eng,0.25316455696202533,0.2764028602999153,0.16994325898857332,0.38286246161125725,False,,,56203.8650791208
W,2024-01-08,work_to_eng,0.26666666666666666,0.2764028602999153,0.16994325898857332,0.38286246161125725,False,,,40903.614573556835
W,2024-01-15,work_to_eng,0.2857142857142857,0.2764028602999153,0.16994325898857332,0.38286246161125725,False,,,56181.52706554123
W,2024-01-22,work_to_eng,0.2698412698412698,0.2764028602999153,0.16994325898857332,0.38286246161125725,False,,,37584.48449902476
W,2024-01-29,work_to_eng,0.1830065359477124,0.2764028602999153,0.16994325898857332,0.38286246161125725,False,,,49123.37115733838
W,2024-02-05,work_to_eng,0.3081761006289308,0.2764028602999153,0.16994325898857332,0.38286246161125725,False,,,39756.09557623301
W,2024-02-12,work_to_eng,0.27472527472527475,0.2764028602999153,0.16994325898857332,0.38286246161125725,False,,,39593.75761846148
W,2024-02-19,work_to_eng,0.2839506172839506,0.2764028602999153,0.16994325898857332,0.38286246161125725,False,,,33390.31877755824
W,2024-02-26,work_to_eng,0.22959183673469388,0.2764028602999153,0.16994325898857332,0.38286246161125725,False,,,39186.80800381298
W,2024-03-04,work_to_eng,0.2698412698412698,0.2764028602999153,0.16994325898857332,0.38286246161125725,False,,,54067.482916333014
W,2024-03-11,work_to_eng,0.23387096774193547,0.2764028602999153,0.16994325898857332,0.38286246161125725,False,,,51947.30094058588
W,2024-03-18,work_to_eng,0.21333333333333335,0.2764028602999153,0.16994325898857332,0.38286246161125725,False,,,45337.42704036845
W,2024-03-25,work_to_eng,0.20233463035019456,0.2764028602999153,0.16994325898857332,0.38286246161125725,False,,,42433.568177579444
W,2024-04-01,work_to_eng,0.16546762589928057,0.2764028602999153,0.16994325898857332,0.38286246161125725,True,abajo,fuera de los límites,32493.501924657026
W,2024-04-08,work_to_eng,0.1795774647887324,0.2764028602999153,0.16994325898857332,0.38286246161125725,True,abajo,3 de 4 puntos cerca del límite,54465.08164877089
W,2024-04-15,work_to_eng,0.19913419913419914,0.2764028602999153,0.16994325898857332,0.38286246161125725,True,abajo,8 puntos seguidos del mismo lado,41564.43882673835
W,2024-04-22,work_to_eng,0.1625441696113074,0.2764028602999153,0.16994325898857332,0.38286246161125725,True,abajo,fuera de los límites,48371.23403005429
W,2024-04-29,work_to_eng,0.28044280442804426,0.2764028602999153,0.16994325898857332,0.38286246161125725,True,arriba,3 de 4 puntos cerca del límite,47970.42187481724
W,2024-05-06,work_to_eng,0.2320675105485232,0.2764028602999153,0.16994325898857332,0.38286246161125725,False,,,49327.06071155433
W,2024-05-13,work_to_eng,0.1843137254901961,0.2764028602999153,0.16994325898857332,0.38286246161125725,False,,,49023.41084702478
W,2024-05-20,work_to_eng,0.1862348178137652,0.2764028602999153,0.16994325898857332,0.38286246161125725,False,,,72388.88892770617
W,2024-05-27,work_to_eng,0.25196850393700787,0.2764028602999153,0.16994325898857332,0.38286246161125725,False,,,63911.69977375383
W,2024-06-03,work_to_eng,0.2339622641509434,0.2764028602999153,0.16994325898857332,0.38286246161125725,False,,,49578.03870764446
W,2024-06-10,work_to_eng,0.19850187265917604,0.2764028602999153,0.16994325898857332,0.38286246161125725,False,,,34576.17683209633
W,2024-06-17,work_to_eng,0.20955882352941177,0.2764028602999153,0.16994325898857332,0.38286246161125725,False,,,48362.20210519777
W,2024-06-24,work_to_eng,0.18050541516245489,0.2764028602999153,0.16994325898857332,0.38286246161125725,True,abajo,8 puntos seguidos del mismo lado,46715.482486790344
W,2024-07-01,work_to_eng,0.19852941176470587,0.2764028602999153,0.16994325898857332,0.38286246161125725,True,abajo,8 puntos seguidos del mismo lado,40157.893001170276
W,2024-07-08,work_to_eng,0.208,0.2764028602999153,0.16994325898857332,0.38286246161125725,True,abajo,8 puntos seguidos del mismo lado,52170.96509899041
W,2024-07-15,work_to_eng,0.2518248175182482,0.2764028602999153,0.16994325898857332,0.38286246161125725,True,abajo,8 puntos seguidos del mismo lado,35502.809825118966
W,2024-07-22,work_to_eng,0.20512820512820512,0.2764028602999153,0.16994325898857332,0.38286246161125725,True,abajo,8 puntos seguidos del mismo lado,41450.15961145888
W,2024-07-29,work_to_eng,0.23107569721115537,0.2764028602999153,0.16994325898857332,0.38286246161125725,True,abajo,8 puntos seguidos del mismo lado,51009.93853332422
W,2024-08-05,work_to_eng,0.23790322580645162,0.2764028602999153,0.16994325898857332,0.38286246161125725,True,abajo,8 puntos seguidos del mismo lado,46443.5016622156
W,2024-08-12,work_to_eng,0.21453287197231835,0.2764028602999153,0.16994325898857332,0.38286246161125725,True,abajo,8 puntos seguidos del mismo lado,49059.319304498254
W,2024-08-19,work_to_eng,0.2064516129032258,0.2764028602999153,0.16994325898857332,0.38286246161125725,True,abajo,8 puntos seguidos del mismo lado,46917.91121244384
W,2024-08-26,work_to_eng,0.23412698412698413,0.2764028602999153,0.16994325898857332,0.38286246161125725,True,abajo,8 puntos seguidos del mismo lado,46403.90090363417
W,2024-09-02,work_to_eng,0.24825174825174826,0.2764028602999153,0.16994325898857332,0.38286246161125725,True,abajo,8 puntos seguidos del mismo lado,46827.79586290622
W,2024-09-09,work_to_eng,0.18972332015810275,0.2764028602999153,0.16994325898857332,0.38286246161125725,True,abajo,8 puntos seguidos del mismo lado,40377.31151381648
W,2024-09-16,work_to_eng,0.20229007633587787,0.2764028602999153,0.16994325898857332,0.38286246161125725,True,abajo,8 puntos seguidos del mismo lado,46723.64125219466
W,2024-09-23,work_to_eng,0.1875,0.2764028602999153,0.16994325898857332,0.38286246161125725,True,abajo,8 puntos seguidos del mismo lado,43904.8357209625
W,2024-09-30,work_to_eng,0.21428571428571427,0.2764028602999153,0.16994325898857332,0.38286246161125725,True,abajo,8 puntos seguidos del mismo lado,41931.77317578543
W,2023-01-02,sql_to_won,0.10256410256410256,0.21297185567738225,0.08167711048126233,0.34426660087350214,False,,,
W,2023-01-09,sql_to_won,0.2413793103448276,0.21297185567738225,0.08167711048126233,0.34426660087350214,False,,,22580.928461854288
W,2023-01-16,sql_to_won,0.3181818181818182,0.21297185567738225,0.08167711048126233,0.34426660087350214,False,,,61525.08945408468
W,2023-01-23,sql_to_won,0.17777777777777778,0.21297185567738225,0.08167711048126233,0.34426660087350214,False,,,31525.765602307518
W,2023-01-30,sql_to_won,0.22727272727272727,0.21297185567738225,0.08167711048126233,0.34426660087350214,False,,,32245.9857584288
W,2023-02-06,sql_to_won,0.21311475409836064,0.21297185567738225,0.08167711048126233,0.34426660087350214,False,,,36259.911092600414
W,2023-02-13,sql_to_won,0.2112676056338028,0.21297185567738225,0.08167711048126233,0.34426660087350214,False,,,45307.79106460976
W,2023-02-20,sql_to_won,0.1746031746031746,0.21297185567738225,0.08167711048126233,0.34426660087350214,False,,,42583.98443135696
W,2023-02-27,sql_to_won,0.18032786885245902,0.21297185567738225,0.08167711048126233,0.34426660087350214,False,,,33829.47560223134
W,2023-03-06,sql_to_won,0.22580645161290322,0.21297185567738225,0.08167711048126233,0.34426660087350214,False,,,48749.25446125105
W,2023-03-13,sql_to_won,0.20833333333333334,0.21297185567738225,0.08167711048126233,0.34426660087350214,False,,,32769.66425767945
W,2023-03-20,sql_to_won,0.22916666666666666,0.21297185567738225,0.08167711048126233,0.34426660087350214,False,,,45519.08510394012
W,2023-03-27,sql_to_won,0.23333333333333334,0.21297185567738225,0.08167711048126233,0.34426660087350214,False,,,58129.153717680994
W,2023-04-03,sql_to_won,0.14285714285714285,0.21297185567738225,0.08167711048126233,0.34426660087350214,False,,,63241.25704619172
W,2023-04-10,sql_to_won,0.2807017543859649,0.21297185567738225,0.08167711048126233,0.34426660087350214,False,,,30668.087466826026
W,2023-04-17,sql_to_won,0.2564102564102564,0.21297185567738225,0.08167711048126233,0.34426660087350214,False,,,42756.51494976698
W,2023-04-24,sql_to_won,0.19672131147540983,0.21297185567738225,0.08167711048126233,0.34426660087350214,False,,,45382.80430374116
W,2023-05-01,sql_to_won,0.2962962962962963,0.21297185567738225,0.08167711048126233,0.34426660087350214,False,,,52933.364673196884
W,2023-05-08,sql_to_won,0.2,0.21297185567738225,0.08167711048126233,0.34426660087350214,False,,,47645.283858519404
W,2023-05-15,sql_to_won,0.2222222222222222,0.21297185567738225,0.08167711048126233,0.34426660087350214,False,,,51670.95072654402
W,2023-05-22,sql_to_won,0.17777777777777778,0.21297185567738225,0.08167711048126233,0.34426660087350214,False,,,46687.11883122527
W,2023-05-29,sql_to_won,0.15789473684210525,0.21297185567738225,0.08167711048126233,0.34426660087350214,False,,,51241.891656888234
W,2023-06-05,sql_to_won,0.16666666666666666,0.21297185567738225,0.08167711048126233,0.34426660087350214,False,,,35157.69661949646
W,2023-06-12,sql_to_won,0.21875,0.21297185567738225,0.08167711048126233,0.34426660087350214,False,,,60507.90028318686
W,2023-06-19,sql_to_won,0.23255813953488372,0.21297185567738225,0.08167711048126233,0.34426660087350214,False,,,34252.585186493314
W,2023-06-26,sql_to_won,0.24528301886792453,0.21297185567738225,0.08167711048126233,0.34426660087350214,False,,,41499.693778308654
W,2023-07-03,sql_to_won,0.13559322033898305,0.21297185567738225,0.08167711048126233,0.34426660087350214,False,,,26371.792009034103
W,2023-07-10,sql_to_won,0.18181818181818182,0.21297185567738225,0.08167711048126233,0.34426660087350214,False,,,37793.99837293937
W,2023-07-17,sql_to_won,0.16666666666666666,0.21297185567738225,0.08167711048126233,0.34426660087350214,False,,,52037.0533517665
W,2023-07-24,sql_to_won,0.1346153846153846,0.21297185567738225,0.08167711048126233,0.34426660087350214,False,,,46131.41401048461
W,2023-07-31,sql_to_won,0.19642857142857142,0.21297185567738225,0.08167711048126233,0.34426660087350214,False,,,37483.6003837572
W,2023-08-07,sql_to_won,0.14285714285714285,0.21297185567738225,0.08167711048126233,0.34426660087350214,False,,,21834.617228802443
W,2023-08-14,sql_to_won,0.12727272727272726,0.21297185567738225,0.08167711048126233,0.34426660087350214,True,abajo,3 de 4 puntos cerca del límite,35376.97392314611
W,2023-08-21,sql_to_won,0.22916666666666666,0.21297185567738225,0.08167711048126233,0.34426660087350214,False,,,38226.04749960081
W,2023-08-28,sql_to_won,0.26666666666666666,0.21297185567738225,0.08167711048126233,0.34426660087350214,False,,,48843.16852740267
W,2023-09-04,sql_to_won,0.3090909090909091,0.21297185567738225,0.08167711048126233,0.34426660087350214,False,,,35581.41394369402
W,2023-09-11,sql_to_won,0.15625,0.21297185567738225,0.08167711048126233,0.34426660087350214,False,,,48414.71393877839
W,2023-09-18,sql_to_won,0.24074074074074073,0.21297185567738225,0.08167711048126233,0.34426660087350214,False,,,33622.47562281605
W,2023-09-25,sql_to_won,0.14035087719298245,0.21297185567738225,0.08167711048126233,0.34426660087350214,False,,,47137.67620620281
W,2023-10-02,sql_to_won,0.1346153846153846,0.21297185567738225,0.08167711048126233,0.34426660087350214,False,,,39037.265754514905
W,2023-10-09,sql_to_won,0.25,0.21297185567738225,0.08167711048126233,0.34426660087350214,False,,,48426.20167579965
W,2023-10-16,sql_to_won,0.16393442622950818,0.21297185567738225,0.08167711048126233,0.34426660087350214,False,,,34209.18977491582
W,2023-10-23,sql_to_won,0.18461538461538463,0.21297185567738225,0.08167711048126233,0.34426660087350214,False,,,55121.82125179573
W,2023-10-30,sql_to_won,0.26785714285714285,0.21297185567738225,0.08167711048126233,0.34426660087350214,False,,,48971.64739013053
W,2023-11-06,sql_to_won,0.23214285714285715,0.21297185567738225,0.08167711048126233,0.34426660087350214,False,,,53932.5641520989
W,2023-11-13,sql_to_won,0.1590909090909091,0.21297185567738225,0.08167711048126233,0.34426660087350214,False,,,27709.92078539011
W,2023-11-20,sql_to_won,0.11864406779661017,0.21297185567738225,0.08167711048126233,0.34426660087350214,False,,,38670.19772411921
W,2023-11-27,sql_to_won,0.09433962264150944,0.21297185567738225,0.08167711048126233,0.34426660087350214,False,,,34699.07567657089
W,2023-12-04,sql_to_won,0.3220338983050847,0.21297185567738225,0.08167711048126233,0.34426660087350214,False,,,35673.63517642846
W,2023-12-11,sql_to_won,0.1320754716981132,0.21297185567738225,0.08167711048126233,0.34426660087350214,True,abajo,3 de 4 puntos cerca del límite,33008.1692246672
W,2023-12-18,sql_to_won,0.25,0.21297185567738225,0.08167711048126233,0.34426660087350214,False,,,56351.02687760415
W,2023-12-25,sql_to_won,0.16666666666666666,0.21297185567738225,0.08167711048126233,0.34426660087350214,False,,,42829.14134160539
W,2024-01-01,sql_to_won,0.15625,0.21297185567738225,0.08167711048126233,0.34426660087350214,False,,,56203.8650791208
W,2024-01-08,sql_to_won,0.2727272727272727,0.21297185567738225,0.08167711048126233,0.34426660087350214,False,,,40903.614573556835
W,2024-01-15,sql_to_won,0.2777777777777778,0.21297185567738225,0.08167711048126233,0.34426660087350214,False,,,56181.52706554123
W,2024-01-22,sql_to_won,0.19148936170212766,0.21297185567738225,0.08167711048126233,0.34426660087350214,False,,,37584.48449902476
W,2024-01-29,sql_to_won,0.21568627450980393,0.21297185567738225,0.08167711048126233,0.34426660087350214,False,,,49123.37115733838
W,2024-02-05,sql_to_won,0.19672131147540983,0.21297185567738225,0.08167711048126233,0.34426660087350214,False,,,39756.09557623301
W,2024-02-12,sql_to_won,0.17647058823529413,0.21297185567738225,0.08167711048126233,0.34426660087350214,False,,,39593.75761846148
W,2024-02-19,sql_to_won,0.2127659574468085,0.21297185567738225,0.08167711048126233,0.34426660087350214,False,,,33390.31877755824
W,2024-02-26,sql_to_won,0.15384615384615385,0.21297185567738225,0.08167711048126233,0.34426660087350214,False,,,39186.80800381298
W,2024-03-04,sql_to_won,0.22413793103448276,0.21297185567738225,0.08167711048126233,0.34426660087350214,False,,,54067.482916333014
W,2024-03-11,sql_to_won,0.125,0.21297185567738225,0.08167711048126233,0.34426660087350214,False,,,51947.30094058588
W,2024-03-18,sql_to_won,0.2,0.21297185567738225,0.08167711048126233,0.34426660087350214,False,,,45337.42704036845
W,2024-03-25,sql_to_won,0.12903225806451613,0.21297185567738225,0.08167711048126233,0.34426660087350214,False,,,42433.568177579444
W,2024-04-01,sql_to_won,0.17857142857142858,0.21297185567738225,0.08167711048126233,0.34426660087350214,False,,,32493.501924657026
W,2024-04-08,sql_to_won,0.12244897959183673,0.21297185567738225,0.08167711048126233,0.34426660087350214,False,,,54465.08164877089
W,2024-04-15,sql_to_won,0.19230769230769232,0.21297185567738225,0.08167711048126233,0.34426660087350214,False,,,41564.43882673835
W,2024-04-22,sql_to_won,0.26865671641791045,0.21297185567738225,0.08167711048126233,0.34426660087350214,False,,,48371.23403005429
W,2024-04-29,sql_to_won,0.23214285714285715,0.21297185567738225,0.08167711048126233,0.34426660087350214,False,,,47970.42187481724
W,2024-05-06,sql_to_won,0.16923076923076924,0.21297185567738225,0.08167711048126233,0.34426660087350214,False,,,49327.06071155433
W,2024-05-13,sql_to_won,0.1323529411764706,0.21297185567738225,0.08167711048126233,0.34426660087350214,False,,,49023.41084702478
W,2024-05-20,sql_to_won,0.16393442622950818,0.21297185567738225,0.08167711048126233,0.34426660087350214,False,,,72388.88892770617
W,2024-05-27,sql_to_won,0.09523809523809523,0.21297185567738225,0.08167711048126233,0.34426660087350214,False,,,63911.69977375383
W,2024-06-03,sql_to_won,0.25,0.21297185567738225,0.08167711048126233,0.34426660087350214,False,,,49578.03870764446
W,2024-06-10,sql_to_won,0.3333333333333333,0.21297185567738225,0.08167711048126233,0.34426660087350214,False,,,34576.17683209633
W,2024-06-17,sql_to_won,0.32,0.21297185567738225,0.08167711048126233,0.34426660087350214,False,,,48362.20210519777
W,2024-06-24,sql_to_won,0.2361111111111111,0.21297185567738225,0.08167711048126233,0.34426660087350214,False,,,46715.482486790344
W,2024-07-01,sql_to_won,0.2777777777777778,0.21297185567738225,0.08167711048126233,0.34426660087350214,False,,,40157.893001170276
W,2024-07-08,sql_to_won,0.2054794520547945,0.21297185567738225,0.08167711048126233,0.34426660087350214,False,,,52170.96509899041
W,2024-07-15,sql_to_won,0.1956521739130435,0.21297185567738225,0.08167711048126233,0.34426660087350214,False,,,35502.809825118966
W,2024-07-22,sql_to_won,0.25,0.21297185567738225,0.08167711048126233,0.34426660087350214,False,,,41450.15961145888
W,2024-07-29,sql_to_won,0.16923076923076924,0.21297185567738225,0.08167711048126233,0.34426660087350214,False,,,51009.93853332422
W,2024-08-05,sql_to_won,0.15873015873015872,0.21297185567738225,0.08167711048126233,0.34426660087350214,False,,,46443.5016622156
W,2024-08-12,sql_to_won,0.23333333333333334,0.21297185567738225,0.08167711048126233,0.34426660087350214,False,,,49059.319304498254
W,2024-08-19,sql_to_won,0.09090909090909091,0.21297185567738225,0.08167711048126233,0.34426660087350214,False,,,46917.91121244384
W,2024-08-26,sql_to_won,0.17543859649122806,0.21297185567738225,0.08167711048126233,0.34426660087350214,False,,,46403.90090363417
W,2023-01-09,new_customers,2.0,14.923076923076923,1.3038769230769223,28.542276923076926,False,,,22580.928461854288
W,2023-01-16,new_customers,5.0,14.923076923076923,1.3038769230769223,28.542276923076926,False,,,61525.08945408468
W,2023-01-23,new_customers,9.0,14.923076923076923,1.3038769230769223,28.542276923076926,False,,,31525.765602307518
W,2023-01-30,new_customers,10.0,14.923076923076923,1.3038769230769223,28.542276923076926,False,,,32245.9857584288
W,2023-02-06,new_customers,12.0,14.923076923076923,1.3038769230769223,28.542276923076926,False,,,36259.911092600414
W,2023-02-13,new_customers,22.0,14.923076923076923,1.3038769230769223,28.542276923076926,False,,,45307.79106460976
W,2023-02-20,new_customers,23.0,14.923076923076923,1.3038769230769223,28.542276923076926,False,,,42583.98443135696
W,2023-02-27,new_customers,9.0,14.923076923076923,1.3038769230769223,28.542276923076926,False,,,33829.47560223134
W,2023-03-06,new_customers,18.0,14.923076923076923,1.3038769230769223,28.542276923076926,False,,,48749.25446125105
W,2023-03-13,new_customers,20.0,14.923076923076923,1.3038769230769223,28.542276923076926,False,,,32769.66425767945
W,2023-03-20,new_customers,26.0,14.923076923076923,1.3038769230769223,28.542276923076926,False,,,45519.08510394012
W,2023-03-27,new_customers,13.0,14.923076923076923,1.3038769230769223,28.542276923076926,False,,,58129.153717680994
W,2023-04-03,new_customers,13.0,14.923076923076923,1.3038769230769223,28.542276923076926,False,,,63241.25704619172
W,2023-04-10,new_customers,15.0,14.923076923076923,1.3038769230769223,28.542276923076926,False,,,30668.087466826026
W,2023-04-17,new_customers,21.0,14.923076923076923,1.3038769230769223,28.542276923076926,False,,,42756.51494976698
W,2023-04-24,new_customers,12.0,14.923076923076923,1.3038769230769223,28.542276923076926,False,,,45382.80430374116
W,2023-05-01,new_customers,17.0,14.923076923076923,1.3038769230769223,28.542276923076926,False,,,52933.364673196884
W,2023-05-08,new_customers,17.0,14.923076923076923,1.3038769230769223,28.542276923076926,False,,,47645.283858519404
W,2023-05-15,new_customers,11.0,14.923076923076923,1.3038769230769223,28.542276923076926,False,,,51670.95072654402
W,2023-05-22,new_customers,21.0,14.923076923076923,1.3038769230769223,28.542276923076926,False,,,46687.11883122527
W,2023-05-29,new_customers,19.0,14.923076923076923,1.3038769230769223,28.542276923076926,False,,,51241.891656888234
W,2023-06-05,new_customers,10.0,14.923076923076923,1.3038769230769223,28.542276923076926,False,,,35157.69661949646
W,2023-06-12,new_customers,13.0,14.923076923076923,1.3038769230769223,28.542276923076926,False,,,60507.90028318686
W,2023-06-19,new_customers,17.0,14.923076923076923,1.3038769230769223,28.542276923076926,False,,,34252.585186493314
W,2023-06-26,new_customers,19.0,14.923076923076923,1.3038769230769223,28.542276923076926,False,,,41499.693778308654
W,2023-07-03,new_customers,14.0,14.923076923076923,1.3038769230769223,28.542276923076926,False,,,26371.792009034103
W,2023-07-10,new_customers,13.0,14.923076923076923,1.3038769230769223,28.542276923076926,False,,,37793.99837293937
W,2023-07-17,new_customers,20.0,14.923076923076923,1.3038769230769223,28.542276923076926,False,,,52037.0533517665
W,2023-07-24,new_customers,9.0,14.923076923076923,1.3038769230769223,28.542276923076926,False,,,46131.41401048461
W,2023-07-31,new_customers,19.0,14.923076923076923,1.3038769230769223,28.542276923076926,False,,,37483.6003837572
W,2023-08-07,new_customers,12.0,14.923076923076923,1.3038769230769223,28.542276923076926,False,,,21834.617228802443
W,2023-08-14,new_customers,11.0,14.923076923076923,1.3038769230769223,28.542276923076926,False,,,35376.97392314611
W,2023-08-21,new_customers,10.0,14.923076923076923,1.3038769230769223,28.542276923076926,False,,,38226.04749960081
W,2023-08-28,new_customers,7.0,14.923076923076923,1.3038769230769223,28.542276923076926,False,,,48843.16852740267
W,2023-09-04,new_customers,19.0,14.923076923076923,1.3038769230769223,28.542276923076926,False,,,35581.41394369402
W,2023-09-11,new_customers,12.0,14.923076923076923,1.3038769230769223,28.542276923076926,False,,,48414.71393877839
W,2023-09-18,new_customers,21.0,14.923076923076923,1.3038769230769223,28.542276923076926,False,,,33622.47562281605
W,2023-09-25,new_customers,27.0,14.923076923076923,1.3038769230769223,28.542276923076926,False,,,47137.67620620281
W,2023-10-02,new_customers,11.0,14.923076923076923,1.3038769230769223,28.542276923076926,False,,,39037.265754514905
W,2023-10-09,new_customers,18.0,14.923076923076923,1.3038769230769223,28.542276923076926,False,,,48426.20167579965
W,2023-10-16,new_customers,9.0,14.923076923076923,1.3038769230769223,28.542276923076926,False,,,34209.18977491582
W,2023-10-23,new_customers,17.0,14.923076923076923,1.3038769230769223,28.542276923076926,False,,,55121.82125179573
W,2023-10-30,new_customers,17.0,14.923076923076923,1.3038769230769223,28.542276923076926,False,,,48971.64739013053
W,2023-11-06,new_customers,17.0,14.923076923076923,1.3038769230769223,28.542276923076926,False,,,53932.5641520989
W,2023-11-13,new_customers,8.0,14.923076923076923,1.3038769230769223,28.542276923076926,False,,,27709.92078539011
W,2023-11-20,new_customers,21.0,14.923076923076923,1.3038769230769223,28.542276923076926,False,,,38670.19772411921
W,2023-11-27,new_customers,20.0,14.923076923076923,1.3038769230769223,28.542276923076926,False,,,34699.07567657089
W,2023-12-04,new_customers,20.0,14.923076923076923,1.3038769230769223,28.542276923076926,False,,,35673.63517642846
W,2023-12-11,new_customers,11.0,14.923076923076923,1.3038769230769223,28.542276923076926,False,,,33008.1692246672
W,2023-12-18,new_customers,17.0,14.923076923076923,1.3038769230769223,28.542276923076926,False,,,56351.02687760415
W,2023-12-25,new_customers,14.0,14.923076923076923,1.3038769230769223,28.542276923076926,False,,,42829.14134160539
W,2024-01-01,new_customers,14.0,14.923076923076923,1.3038769230769223,28.542276923076926,False,,,56203.8650791208
W,2024-01-08,new_customers,16.0,14.923076923076923,1.3038769230769223,28.542276923076926,False,,,40903.614573556835
W,2024-01-15,new_customers,16.0,14.923076923076923,1.3038769230769223,28.542276923076926,False,,,56181.52706554123
W,2024-01-22,new_customers,12.0,14.923076923076923,1.3038769230769223,28.542276923076926,False,,,37584.48449902476
W,2024-01-29,new_customers,11.0,14.923076923076923,1.3038769230769223,28.542276923076926,False,,,49123.37115733838
W,2024-02-05,new_customers,18.0,14.923076923076923,1.3038769230769223,28.542276923076926,False,,,39756.09557623301
W,2024-02-12,new_customers,16.0,14.923076923076923,1.3038769230769223,28.542276923076926,False,,,39593.75761846148
W,2024-02-19,new_customers,18.0,14.923076923076923,1.3038769230769223,28.542276923076926,False,,,33390.31877755824
W,2024-02-26,new_customers,14.0,14.923076923076923,1.3038769230769223,28.542276923076926,False,,,39186.80800381298
W,2024-03-04,new_customers,16.0,14.923076923076923,1.3038769230769223,28.542276923076926,False,,,54067.482916333014
W,2024-03-11,new_customers,12.0,14.923076923076923,1.3038769230769223,28.542276923076926,False,,,51947.30094058588
W,2024-03-18,new_customers,19.0,14.923076923076923,1.3038769230769223,28.542276923076926,False,,,45337.42704036845
W,2024-03-25,new_customers,19.0,14.923076923076923,1.3038769230769223,28.542276923076926,False,,,42433.568177579444
W,2024-04-01,new_customers,11.0,14.923076923076923,1.3038769230769223,28.542276923076926,False,,,32493.501924657026
W,2024-04-08,new_customers,12.0,14.923076923076923,1.3038769230769223,28.542276923076926,False,,,54465.08164877089
W,2024-04-15,new_customers,19.0,14.923076923076923,1.3038769230769223,28.542276923076926,False,,,41564.43882673835
W,2024-04-22,new_customers,12.0,14.923076923076923,1.3038769230769223,28.542276923076926,False,,,48371.23403005429
W,2024-04-29,new_customers,15.0,14.923076923076923,1.3038769230769223,28.542276923076926,False,,,47970.42187481724
W,2024-05-06,new_customers,17.0,14.923076923076923,1.3038769230769223,28.542276923076926,False,,,49327.06071155433
W,2024-05-13,new_customers,16.0,14.923076923076923,1.3038769230769223,28.542276923076926,False,,,49023.41084702478
W,2024-05-20,new_customers,19.0,14.923076923076923,1.3038769230769223,28.542276923076926,False,,,72388.88892770617
W,2024-05-27,new_customers,10.0,14.923076923076923,1.3038769230769223,28.542276923076926,False,,,63911.69977375383
W,2024-06-03,new_customers,19.0,14.923076923076923,1.3038769230769223,28.542276923076926,False,,,49578.03870764446
W,2024-06-10,new_customers,9.0,14.923076923076923,1.3038769230769223,28.542276923076926,False,,,34576.17683209633
W,2024-06-17,new_customers,20.0,14.923076923076923,1.3038769230769223,28.542276923076926,False,,,48362.20210519777
W,2024-06-24,new_customers,11.0,14.923076923076923,1.3038769230769223,28.542276923076926,False,,,46715.482486790344
W,2024-07-01,new_customers,23.0,14.923076923076923,1.3038769230769223,28.542276923076926,False,,,40157.893001170276
W,2024-07-08,new_customers,17.0,14.923076923076923,1.3038769230769223,28.542276923076926,False,,,52170.96509899041
W,2024-07-15,new_customers,20.0,14.923076923076923,1.3038769230769223,28.542276923076926,False,,,35502.809825118966
W,2024-07-22,new_customers,21.0,14.923076923076923,1.3038769230769223,28.542276923076926,False,,,41450.15961145888
W,2024-07-29,new_customers,24.0,14.923076923076923,1.3038769230769223,28.542276923076926,False,,,51009.93853332422
W,2024-08-05,new_customers,13.0,14.923076923076923,1.3038769230769223,28.542276923076926,False,,,46443.5016622156
W,2024-08-12,new_customers,23.0,14.923076923076923,1.3038769230769223,28.542276923076926,False,,,49059.319304498254
W,2024-08-19,new_customers,15.0,14.923076923076923,1.3038769230769223,28.542276923076926,False,,,46917.91121244384
W,2024-08-26,new_customers,22.0,14.923076923076923,1.3038769230769223,28.542276923076926,False,,,46403.90090363417
W,2024-09-02,new_customers,7.0,14.923076923076923,1.3038769230769223,28.542276923076926,False,,,46827.79586290622
W,2024-09-09,new_customers,13.0,14.923076923076923,1.3038769230769223,28.542276923076926,False,,,40377.31151381648
W,2024-09-16,new_customers,18.0,14.923076923076923,1.3038769230769223,28.542276923076926,False,,,46723.64125219466
W,2024-09-23,new_customers,20.0,14.923076923076923,1.3038769230769223,28.542276923076926,False,,,43904.8357209625
W,2024-09-30,new_customers,25.0,14.923076923076923,1.3038769230769223,28.542276923076926,False,,,41931.77317578543
W,2024-10-07,new_customers,20.0,14.923076923076923,1.3038769230769223,28.542276923076926,False,,,29621.318081664882
W,2024-10-14,new_customers,16.0,14.923076923076923,1.3038769230769223,28.542276923076926,False,,,45128.99930646939
W,2024-10-21,new_customers,19.0,14.923076923076923,1.3038769230769223,28.542276923076926,False,,,52273.13281565984
W,2023-01-09,new_mrr,45161.856923708576,653149.0505647416,-161338.07988131116,1467636.1810107944,False,,,22580.928461854288
W,2023-01-16,new_mrr,307625.4472704234,653149.0505647416,-161338.07988131116,1467636.1810107944,False,,,61525.08945408468
W,2023-01-23,new_mrr,283731.89042076765,653149.0505647416,-161338.07988131116,1467636.1810107944,False,,,31525.765602307518
W,2023-01-30,new_mrr,322459.857584288,653149.0505647416,-161338.07988131116,1467636.1810107944,False,,,32245.9857584288
W,2023-02-06,new_mrr,435118.933111205,653149.0505647416,-161338.07988131116,1467636.1810107944,False,,,36259.911092600414
W,2023-02-13,new_mrr,996771.4034214147,653149.0505647416,-161338.07988131116,1467636.1810107944,False,,,45307.79106460976
W,2023-02-20,new_mrr,979431.6419212101,653149.0505647416,-161338.07988131116,1467636.1810107944,False,,,42583.98443135696
W,2023-02-27,new_mrr,304465.28042008204,653149.0505647416,-161338.07988131116,1467636.1810107944,False,,,33829.47560223134
W,2023-03-06,new_mrr,877486.5803025188,653149.0505647416,-161338.07988131116,1467636.1810107944,False,,,48749.25446125105
W,2023-03-13,new_mrr,655393.285153589,653149.0505647416,-161338.07988131116,1467636.1810107944,False,,,32769.66425767945
W,2023-03-20,new_mrr,1183496.2127024431,653149.0505647416,-161338.07988131116,1467636.1810107944,False,,,45519.08510394012
W,2023-03-27,new_mrr,755678.9983298529,653149.0505647416,-161338.07988131116,1467636.1810107944,False,,,58129.153717680994
W,2023-04-03,new_mrr,822136.3416004924,653149.0505647416,-161338.07988131116,1467636.1810107944,False,,,63241.25704619172
W,2023-04-10,new_mrr,460021.3120023904,653149.0505647416,-161338.07988131116,1467636.1810107944,False,,,30668.087466826026
W,2023-04-17,new_mrr,897886.8139451066,653149.0505647416,-161338.07988131116,1467636.1810107944,False,,,42756.51494976698
W,2023-04-24,new_mrr,544593.6516448939,653149.0505647416,-161338.07988131116,1467636.1810107944,False,,,45382.80430374116
W,2023-05-01,new_mrr,899867.1994443471,653149.0505647416,-161338.07988131116,1467636.1810107944,False,,,52933.364673196884
W,2023-05-08,new_mrr,809969.8255948299,653149.0505647416,-161338.07988131116,1467636.1810107944,False,,,47645.283858519404
W,2023-05-15,new_mrr,568380.4579919842,653149.0505647416,-161338.07988131116,1467636.1810107944,False,,,51670.95072654402
W,2023-05-22,new_mrr,980429.4954557307,653149.0505647416,-161338.07988131116,1467636.1810107944,False,,,46687.11883122527
W,2023-05-29,new_mrr,973595.9414808764,653149.0505647416,-161338.07988131116,1467636.1810107944,False,,,51241.891656888234
W,2023-06-05,new_mrr,351576.96619496465,653149.0505647416,-161338.07988131116,1467636.1810107944,False,,,35157.69661949646
W,2023-06-12,new_mrr,786602.7036814291,653149.0505647416,-161338.07988131116,1467636.1810107944,False,,,60507.90028318686
W,2023-06-19,new_mrr,582293.9481703864,653149.0505647416,-161338.07988131116,1467636.1810107944,False,,,34252.585186493314
W,2023-06-26,new_mrr,788494.1817878644,653149.0505647416,-161338.07988131116,1467636.1810107944,False,,,41499.693778308654
W,2023-07-03,new_mrr,369205.08812647744,653149.0505647416,-161338.07988131116,1467636.1810107944,False,,,26371.792009034103
W,2023-07-10,new_mrr,491321.9788482118,653149.0505647416,-161338.07988131116,1467636.1810107944,False,,,37793.99837293937
W,2023-07-17,new_mrr,1040741.0670353301,653149.0505647416,-161338.07988131116,1467636.1810107944,False,,,52037.0533517665
W,2023-07-24,new_mrr,415182.72609436145,653149.0505647416,-161338.07988131116,1467636.1810107944,False,,,46131.41401048461
W,2023-07-31,new_mrr,712188.4072913867,653149.0505647416,-161338.07988131116,1467636.1810107944,False,,,37483.6003837572
W,2023-08-07,new_mrr,262015.40674562933,653149.0505647416,-161338.07988131116,1467636.1810107944,False,,,21834.617228802443
W,2023-08-14,new_mrr,389146.7131546072,653149.0505647416,-161338.07988131116,1467636.1810107944,False,,,35376.97392314611
W,2023-08-21,new_mrr,382260.47499600815,653149.0505647416,-161338.07988131116,1467636.1810107944,False,,,38226.04749960081
W,2023-08-28,new_mrr,341902.17969181866,653149.0505647416,-161338.07988131116,1467636.1810107944,False,,,48843.16852740267
W,2023-09-04,new_mrr,676046.8649301863,653149.0505647416,-161338.07988131116,1467636.1810107944,False,,,35581.41394369402
W,2023-09-11,new_mrr,580976.5672653407,653149.0505647416,-161338.07988131116,1467636.1810107944,False,,,48414.71393877839
W,2023-09-18,new_mrr,706071.988079137,653149.0505647416,-161338.07988131116,1467636.1810107944,False,,,33622.47562281605
W,2023-09-25,new_mrr,1272717.2575674758,653149.0505647416,-161338.07988131116,1467636.1810107944,False,,,47137.67620620281
W,2023-10-02,new_mrr,429409.923299664,653149.0505647416,-161338.07988131116,1467636.1810107944,False,,,39037.265754514905
W,2023-10-09,new_mrr,871671.6301643938,653149.0505647416,-161338.07988131116,1467636.1810107944,False,,,48426.20167579965
W,2023-10-16,new_mrr,307882.7079742424,653149.0505647416,-161338.07988131116,1467636.1810107944,False,,,34209.18977491582
W,2023-10-23,new_mrr,937070.9612805274,653149.0505647416,-161338.07988131116,1467636.1810107944,False,,,55121.82125179573
W,2023-10-30,new_mrr,832518.005632219,653149.0505647416,-161338.07988131116,1467636.1810107944,False,,,48971.64739013053
W,2023-11-06,new_mrr,916853.5905856814,653149.0505647416,-161338.07988131116,1467636.1810107944,False,,,53932.5641520989
W,2023-11-13,new_mrr,221679.36628312088,653149.0505647416,-161338.07988131116,1467636.1810107944,False,,,27709.92078539011
W,2023-11-20,new_mrr,812074.1522065033,653149.0505647416,-161338.07988131116,1467636.1810107944,False,,,38670.19772411921
W,2023-11-27,new_mrr,693981.5135314177,653149.0505647416,-161338.07988131116,1467636.1810107944,False,,,34699.07567657089
W,2023-12-04,new_mrr,713472.7035285692,653149.0505647416,-161338.07988131116,1467636.1810107944,False,,,35673.63517642846
W,2023-12-11,new_mrr,363089.86147133925,653149.0505647416,-161338.07988131116,1467636.1810107944,False,,,33008.1692246672
W,2023-12-18,new_mrr,957967.4569192706,653149.0505647416,-161338.07988131116,1467636.1810107944,False,,,56351.02687760415
W,2023-12-25,new_mrr,599607.9787824755,653149.0505647416,-161338.07988131116,1467636.1810107944,False,,,42829.14134160539
W,2024-01-01,new_mrr,786854.1111076912,653149.0505647416,-161338.07988131116,1467636.1810107944,False,,,56203.8650791208
W,2024-01-08,new_mrr,654457.8331769094,653149.0505647416,-161338.07988131116,1467636.1810107944,False,,,40903.614573556835
W,2024-01-15,new_mrr,898904.4330486597,653149.0505647416,-161338.07988131116,1467636.1810107944,False,,,56181.52706554123
W,2024-01-22,new_mrr,451013.8139882971,653149.0505647416,-161338.07988131116,1467636.1810107944,False,,,37584.48449902476
W,2024-01-29,new_mrr,540357.0827307221,653149.0505647416,-161338.07988131116,1467636.1810107944,False,,,49123.37115733838
W,2024-02-05,new_mrr,715609.7203721942,653149.0505647416,-161338.07988131116,1467636.1810107944,False,,,39756.09557623301
W,2024-02-12,new_mrr,633500.1218953837,653149.0505647416,-161338.07988131116,1467636.1810107944,False,,,39593.75761846148
W,2024-02-19,new_mrr,601025.7379960483,653149.0505647416,-161338.07988131116,1467636.1810107944,False,,,33390.31877755824
W,2024-02-26,new_mrr,548615.3120533817,653149.0505647416,-161338.07988131116,1467636.1810107944,False,,,39186.80800381298
W,2024-03-04,new_mrr,865079.7266613282,653149.0505647416,-161338.07988131116,1467636.1810107944,False,,,54067.482916333014
W,2024-03-11,new_mrr,623367.6112870306,653149.0505647416,-161338.07988131116,1467636.1810107944,False,,,51947.30094058588
W,2024-03-18,new_mrr,861411.1137670005,653149.0505647416,-161338.07988131116,1467636.1810107944,False,,,45337.42704036845
W,2024-03-25,new_mrr,806237.7953740094,653149.0505647416,-161338.07988131116,1467636.1810107944,False,,,42433.568177579444
W,2024-04-01,new_mrr,357428.5211712273,653149.0505647416,-161338.07988131116,1467636.1810107944,False,,,32493.501924657026
W,2024-04-08,new_mrr,653580.9797852506,653149.0505647416,-161338.07988131116,1467636.1810107944,False,,,54465.08164877089
W,2024-04-15,new_mrr,789724.3377080286,653149.0505647416,-161338.07988131116,1467636.1810107944,False,,,41564.43882673835
W,2024-04-22,new_mrr,580454.8083606515,653149.0505647416,-161338.07988131116,1467636.1810107944,False,,,48371.23403005429
W,2024-04-29,new_mrr,719556.3281222587,653149.0505647416,-161338.07988131116,1467636.1810107944,False,,,47970.42187481724
W,2024-05-06,new_mrr,838560.0320964237,653149.0505647416,-161338.07988131116,1467636.1810107944,False,,,49327.06071155433
W,2024-05-13,new_mrr,784374.5735523965,653149.0505647416,-161338.07988131116,1467636.1810107944,False,,,49023.41084702478
W,2024-05-20,new_mrr,1375388.889626417,653149.0505647416,-161338.07988131116,1467636.1810107944,False,,,72388.88892770617
W,2024-05-27,new_mrr,639116.9977375383,653149.0505647416,-161338.07988131116,1467636.1810107944,False,,,63911.69977375383
W,2024-06-03,new_mrr,941982.7354452447,653149.0505647416,-161338.07988131116,1467636.1810107944,False,,,49578.03870764446
W,2024-06-10,new_mrr,311185.591488867,653149.0505647416,-161338.07988131116,1467636.1810107944,False,,,34576.17683209633
W,2024-06-17,new_mrr,967244.0421039554,653149.0505647416,-161338.07988131116,1467636.1810107944,False,,,48362.20210519777
W,2024-06-24,new_mrr,513870.30735469377,653149.0505647416,-161338.07988131116,1467636.1810107944,False,,,46715.482486790344
W,2024-07-01,new_mrr,923631.5390269164,653149.0505647416,-161338.07988131116,1467636.1810107944,False,,,40157.893001170276
W,2024-07-08,new_mrr,886906.4066828369,653149.0505647416,-161338.07988131116,1467636.1810107944,False,,,52170.96509899041
W,2024-07-15,new_mrr,710056.1965023794,653149.0505647416,-161338.07988131116,1467636.1810107944,False,,,35502.809825118966
W,2024-07-22,new_mrr,870453.3518406366,653149.0505647416,-161338.07988131116,1467636.1810107944,False,,,41450.15961145888
W,2024-07-29,new_mrr,1224238.5247997812,653149.0505647416,-161338.07988131116,1467636.1810107944,False,,,51009.93853332422
W,2024-08-05,new_mrr,603765.5216088028,653149.0505647416,-161338.07988131116,1467636.1810107944,False,,,46443.5016622156
W,2024-08-12,new_mrr,1128364.34400346,653149.0505647416,-161338.07988131116,1467636.1810107944,False,,,49059.319304498254
W,2024-08-19,new_mrr,703768.6681866576,653149.0505647416,-161338.07988131116,1467636.1810107944,False,,,46917.91121244384
W,2024-08-26,new_mrr,1020885.8198799517,653149.0505647416,-161338.07988131116,1467636.1810107944,False,,,46403.90090363417
W,2024-09-02,new_mrr,327794.57104034355,653149.0505647416,-161338.07988131116,1467636.1810107944,False,,,46827.79586290622
W,2024-09-09,new_mrr,524905.0496796143,653149.0505647416,-161338.07988131116,1467636.1810107944,False,,,40377.31151381648
W,2024-09-16,new_mrr,841025.5425395039,653149.0505647416,-161338.07988131116,1467636.1810107944,False,,,46723.64125219466
W,2024-09-23,new_mrr,878096.71441925,653149.0505647416,-161338.07988131116,1467636.1810107944,False,,,43904.8357209625
W,2024-09-30,new_mrr,1048294.3293946357,653149.0505647416,-161338.07988131116,1467636.1810107944,False,,,41931.77317578543
W,2024-10-07,new_mrr,592426.3616332976,653149.0505647416,-161338.07988131116,1467636.1810107944,False,,,29621.318081664882
W,2024-10-14,new_mrr,722063.9889035103,653149.0505647416,-161338.07988131116,1467636.1810107944,False,,,45128.99930646939
W,2024-10-21,new_mrr,993189.523497537,653149.0505647416,-161338.07988131116,1467636.1810107944,False,,,52273.13281565984
M,2023-01-01,leads,1329.0,1345.0833333333333,1205.5542424242424,1484.6124242424241,False,,,38937.66251230237
M,2023-02-01,leads,1370.0,1345.0833333333333,1205.5542424242424,1484.6124242424241,False,,,40175.99010833614
M,2023-03-01,leads,1337.0,1345.0833333333333,1205.5542424242424,1484.6124242424241,False,,,44419.37198444531
M,2023-04-01,leads,1290.0,1345.0833333333333,1205.5542424242424,1484.6124242424241,False,,,45156.960401621036
M,2023-05-01,leads,1378.0,1345.0833333333333,1205.5542424242424,1484.6124242424241,False,,,50745.178428591855
M,2023-06-01,leads,1249.0,1345.0833333333333,1205.5542424242424,1484.6124242424241,False,,,43739.710214755265
M,2023-07-01,leads,1292.0,1345.0833333333333,1205.5542424242424,1484.6124242424241,False,,,39959.10542131138
M,2023-08-01,leads,1322.0,1345.0833333333333,1205.5542424242424,1484.6124242424241,False,,,35692.13311633282
M,2023-09-01,leads,1379.0,1345.0833333333333,1205.5542424242424,1484.6124242424241,False,,,40635.891713954814
M,2023-10-01,leads,1432.0,1345.0833333333333,1205.5542424242424,1484.6124242424241,False,,,45739.73168649212
M,2023-11-01,leads,1387.0,1345.0833333333333,1205.5542424242424,1484.6124242424241,False,,,41576.0485047165
M,2023-12-01,leads,1376.0,1345.0833333333333,1205.5542424242424,1484.6124242424241,False,,,42984.971576181575
M,2024-01-01,leads,1375.0,1345.0833333333333,1205.5542424242424,1484.6124242424241,False,,,47101.075186302165
M,2024-02-01,leads,1317.0,1345.0833333333333,1205.5542424242424,1484.6124242424241,False,,,39842.10791602132
M,2024-03-01,leads,1805.0,1345.0833333333333,1205.5542424242424,1484.6124242424241,True,arriba,fuera de los límites,47076.216031447395
M,2024-04-01,leads,1883.0,1345.0833333333333,1205.5542424242424,1484.6124242424241,True,arriba,fuera de los límites,43969.66210825121
M,2024-05-01,leads,1806.0,1345.0833333333333,1205.5542424242424,1484.6124242424241,True,arriba,fuera de los límites,55838.212330815695
M,2024-06-01,leads,1861.0,1345.0833333333333,1205.5542424242424,1484.6124242424241,True,arriba,fuera de los límites,48939.50024784203
M,2024-07-01,leads,1844.0,1345.0833333333333,1205.5542424242424,1484.6124242424241,True,arriba,fuera de los límites,43656.755046429935
M,2024-08-01,leads,1938.0,1345.0833333333333,1205.5542424242424,1484.6124242424241,True,arriba,fuera de los límites,47060.734100221845
M,2024-09-01,leads,1877.0,1345.0833333333333,1205.5542424242424,1484.6124242424241,True,arriba,fuera de los límites,42820.23353458838
M,2023-01-01,high_fit,0.4492099322799097,0.4732861215506213,0.4364722550368554,0.5100999880643872,False,,,38937.66251230237
M,2023-02-01,high_fit,0.4686131386861314,0.4732861215506213,0.4364722550368554,0.5100999880643872,False,,,40175.99010833614
M,2023-03-01,high_fit,0.48541510845175767,0.4732861215506213,0.4364722550368554,0.5100999880643872,False,,,44419.37198444531
M,2023-04-01,high_fit,0.5015503875968992,0.4732861215506213,0.4364722550368554,0.5100999880643872,False,,,45156.960401621036
M,2023-05-01,high_fit,0.47387518142235124,0.4732861215506213,0.4364722550368554,0.5100999880643872,False,,,50745.178428591855
M,2023-06-01,high_fit,0.4747798238590873,0.4732861215506213,0.4364722550368554,0.5100999880643872,False,,,43739.710214755265
M,2023-07-01,high_fit,0.4744582043343653,0.4732861215506213,0.4364722550368554,0.5100999880643872,False,,,39959.10542131138
M,2023-08-01,high_fit,0.4909228441754917,0.4732861215506213,0.4364722550368554,0.5100999880643872,False,,,35692.13311633282
M,2023-09-01,high_fit,0.48005801305293694,0.4732861215506213,0.4364722550368554,0.5100999880643872,False,,,40635.891713954814
M,2023-10-01,high_fit,0.4511173184357542,0.4732861215506213,0.4364722550368554,0.5100999880643872,False,,,45739.73168649212
M,2023-11-01,high_fit,0.46359048305695744,0.4732861215506213,0.4364722550368554,0.5100999880643872,False,,,41576.0485047165
M,2023-12-01,high_fit,0.46584302325581395,0.4732861215506213,0.4364722550368554,0.5100999880643872,False,,,42984.971576181575
M,2024-01-01,high_fit,0.48872727272727273,0.4732861215506213,0.4364722550368554,0.5100999880643872,False,,,47101.075186302165
M,2024-02-01,high_fit,0.4791192103264996,0.4732861215506213,0.4364722550368554,0.5100999880643872,False,,,39842.10791602132
M,2024-03-01,high_fit,0.4326869806094183,0.4732861215506213,0.4364722550368554,0.5100999880643872,True,abajo,fuera de los límites,47076.216031447395
M,2024-04-01,high_fit,0.43016463090812534,0.4732861215506213,0.4364722550368554,0.5100999880643872,True,abajo,fuera de los límites,43969.66210825121
M,2024-05-01,high_fit,0.44462901439645625,0.4732861215506213,0.4364722550368554,0.5100999880643872,True,abajo,3 de 4 puntos cerca del límite,55838.212330815695
M,2024-06-01,high_fit,0.43148844707146694,0.4732861215506213,0.4364722550368554,0.5100999880643872,True,abajo,fuera de los límites,48939.50024784203
M,2024-07-01,high_fit,0.4376355748373102,0.4732861215506213,0.4364722550368554,0.5100999880643872,True,abajo,3 de 4 puntos cerca del límite,43656.755046429935
M,2024-08-01,high_fit,0.42105263157894735,0.4732861215506213,0.4364722550368554,0.5100999880643872,True,abajo,fuera de los límites,47060.734100221845
M,2024-09-01,high_fit,0.4512519978689398,0.4732861215506213,0.4364722550368554,0.5100999880643872,True,abajo,3 de 4 puntos cerca del límite,42820.23353458838
M,2023-01-01,speed_p50,1.7604734905045067,1.8579871382416353,1.4312553821718614,2.284718894311409,False,,,38937.66251230237
M,2023-02-01,speed_p50,1.7172803316682714,1.8579871382416353,1.4312553821718614,2.284718894311409,False,,,40175.99010833614
M,2023-03-01,speed_p50,2.000365878136236,1.8579871382416353,1.4312553821718614,2.284718894311409,False,,,44419.37198444531
M,2023-04-01,speed_p50,1.672336944701671,1.8579871382416353,1.4312553821718614,2.284718894311409,False,,,45156.960401621036
M,2023-05-01,speed_p50,1.8184571158612282,1.8579871382416353,1.4312553821718614,2.284718894311409,False,,,50745.178428591855
M,2023-06-01,speed_p50,1.7690295169326018,1.8579871382416353,1.4312553821718614,2.284718894311409,False,,,43739.710214755265
M,2023-07-01,speed_p50,2.051903577400025,1.8579871382416353,1.4312553821718614,2.284718894311409,False,,,39959.10542131138
M,2023-08-01,speed_p50,1.943006136270387,1.8579871382416353,1.4312553821718614,2.284718894311409,False,,,35692.13311633282
M,2023-09-01,speed_p50,1.8606044312996786,1.8579871382416353,1.4312553821718614,2.284718894311409,False,,,40635.891713954814
M,2023-10-01,speed_p50,1.9469943554023277,1.8579871382416353,1.4312553821718614,2.284718894311409,False,,,45739.73168649212
M,2023-11-01,speed_p50,1.7827088604496268,1.8579871382416353,1.4312553821718614,2.284718894311409,False,,,41576.0485047165
M,2023-12-01,speed_p50,1.97268502027306,1.8579871382416353,1.4312553821718614,2.284718894311409,False,,,42984.971576181575
M,2024-01-01,speed_p50,2.0208157449260646,1.8579871382416353,1.4312553821718614,2.284718894311409,False,,,47101.075186302165
M,2024-02-01,speed_p50,2.1767169472003856,1.8579871382416353,1.4312553821718614,2.284718894311409,False,,,39842.10791602132
M,2024-03-01,speed_p50,4.912087524098451,1.8579871382416353,1.4312553821718614,2.284718894311409,True,arriba,fuera de los límites,47076.216031447395
M,2024-04-01,speed_p50,5.243407076037781,1.8579871382416353,1.4312553821718614,2.284718894311409,True,arriba,fuera de los límites,43969.66210825121
M,2024-05-01,speed_p50,5.152921516455508,1.8579871382416353,1.4312553821718614,2.284718894311409,True,arriba,fuera de los límites,55838.212330815695
M,2024-06-01,speed_p50,5.383983009107419,1.8579871382416353,1.4312553821718614,2.284718894311409,True,arriba,fuera de los límites,48939.50024784203
M,2024-07-01,speed_p50,5.396089639835072,1.8579871382416353,1.4312553821718614,2.284718894311409,True,arriba,fuera de los límites,43656.755046429935
M,2024-08-01,speed_p50,5.346405696929308,1.8579871382416353,1.4312553821718614,2.284718894311409,True,arriba,fuera de los límites,47060.734100221845
M,2024-09-01,speed_p50,5.8846781833959625,1.8579871382416353,1.4312553821718614,2.284718894311409,True,arriba,fuera de los límites,42820.23353458838
M,2023-01-01,sla_1h,0.32982917214191854,0.29954173155398855,0.2235250175806515,0.37555844552732565,False,,,38937.66251230237
M,2023-02-01,sla_1h,0.303475935828877,0.29954173155398855,0.2235250175806515,0.37555844552732565,False,,,40175.99010833614
M,2023-03-01,sla_1h,0.26115485564304464,0.29954173155398855,0.2235250175806515,0.37555844552732565,False,,,44419.37198444531
M,2023-04-01,sla_1h,0.34103260869565216,0.29954173155398855,0.2235250175806515,0.37555844552732565,False,,,45156.960401621036
M,2023-05-01,sla_1h,0.3087855297157623,0.29954173155398855,0.2235250175806515,0.37555844552732565,False,,,50745.178428591855
M,2023-06-01,sla_1h,0.3092926490984743,0.29954173155398855,0.2235250175806515,0.37555844552732565,False,,,43739.710214755265
M,2023-07-01,sla_1h,0.2901907356948229,0.29954173155398855,0.2235250175806515,0.37555844552732565,False,,,39959.10542131138
M,2023-08-01,sla_1h,0.2891246684350133,0.29954173155398855,0.2235250175806515,0.37555844552732565,False,,,35692.13311633282
M,2023-09-01,sla_1h,0.2817258883248731,0.29954173155398855,0.2235250175806515,0.37555844552732565,False,,,40635.891713954814
M,2023-10-01,sla_1h,0.2731893265565438,0.29954173155398855,0.2235250175806515,0.37555844552732565,False,,,45739.73168649212
M,2023-11-01,sla_1h,0.3256113256113256,0.29954173155398855,0.2235250175806515,0.37555844552732565,False,,,41576.0485047165
M,2023-12-01,sla_1h,0.2810880829015544,0.29954173155398855,0.2235250175806515,0.37555844552732565,False,,,42984.971576181575
M,2024-01-01,sla_1h,0.27633209417596033,0.29954173155398855,0.2235250175806515,0.37555844552732565,False,,,47101.075186302165
M,2024-02-01,sla_1h,0.2759084791386272,0.29954173155398855,0.2235250175806515,0.37555844552732565,False,,,39842.10791602132
M,2024-03-01,sla_1h,0.08284023668639054,0.29954173155398855,0.2235250175806515,0.37555844552732565,True,abajo,fuera de los límites,47076.216031447395
M,2024-04-01,sla_1h,0.08353413654618475,0.29954173155398855,0.2235250175806515,0.37555844552732565,True,abajo,fuera de los límites,43969.66210825121
M,2024-05-01,sla_1h,0.08367514356029532,0.29954173155398855,0.2235250175806515,0.37555844552732565,True,abajo,fuera de los límites,55838.212330815695
M,2024-06-01,sla_1h,0.08788598574821853,0.29954173155398855,0.2235250175806515,0.37555844552732565,True,abajo,fuera de los límites,48939.50024784203
M,2024-07-01,sla_1h,0.08346709470304976,0.29954173155398855,0.2235250175806515,0.37555844552732565,True,abajo,fuera de los límites,43656.755046429935
M,2024-08-01,sla_1h,0.07604562737642585,0.29954173155398855,0.2235250175806515,0.37555844552732565,True,abajo,fuera de los límites,47060.734100221845
M,2024-09-01,sla_1h,0.06692913385826772,0.29954173155398855,0.2235250175806515,0.37555844552732565,True,abajo,fuera de los límites,42820.23353458838
M,2023-01-01,work_to_eng,0.2665706051873199,0.2765905780605107,0.24374558031700616,0.3094355758040152,False,,,38937.66251230237
M,2023-02-01,work_to_eng,0.2804005722460658,0.2765905780605107,0.24374558031700616,0.3094355758040152,False,,,40175.99010833614
M,2023-03-01,work_to_eng,0.2767475035663338,0.2765905780605107,0.24374558031700616,0.3094355758040152,False,,,44419.37198444531
M,2023-04-01,work_to_eng,0.2986627043090639,0.2765905780605107,0.24374558031700616,0.3094355758040152,False,,,45156.960401621036
M,2023-05-01,work_to_eng,0.2750352609308886,0.2765905780605107,0.24374558031700616,0.3094355758040152,False,,,50745.178428591855
M,2023-06-01,work_to_eng,0.26766917293233083,0.2765905780605107,0.24374558031700616,0.3094355758040152,False,,,43739.710214755265
M,2023-07-01,work_to_eng,0.2698650674662669,0.2765905780605107,0.24374558031700616,0.3094355758040152,False,,,39959.10542131138
M,2023-08-01,work_to_eng,0.296987087517934,0.2765905780605107,0.24374558031700616,0.3094355758040152,False,,,35692.13311633282
M,2023-09-01,work_to_eng,0.2828146143437077,0.2765905780605107,0.24374558031700616,0.3094355758040152,False,,,40635.891713954814
M,2023-10-01,work_to_eng,0.27045769764216365,0.2765905780605107,0.24374558031700616,0.3094355758040152,False,,,45739.73168649212
M,2023-11-01,work_to_eng,0.2713068181818182,0.2765905780605107,0.24374558031700616,0.3094355758040152,False,,,41576.0485047165
M,2023-12-01,work_to_eng,0.26256983240223464,0.2765905780605107,0.24374558031700616,0.3094355758040152,False,,,42984.971576181575
M,2024-01-01,work_to_eng,0.26648721399730824,0.2765905780605107,0.24374558031700616,0.3094355758040152,False,,,47101.075186302165
M,2024-02-01,work_to_eng,0.26483357452966716,0.2765905780605107,0.24374558031700616,0.3094355758040152,False,,,39842.10791602132
M,2024-03-01,work_to_eng,0.22777777777777777,0.2765905780605107,0.24374558031700616,0.3094355758040152,True,abajo,fuera de los límites,47076.216031447395
M,2024-04-01,work_to_eng,0.17497812773403323,0.2765905780605107,0.24374558031700616,0.3094355758040152,True,abajo,fuera de los límites,43969.66210825121
M,2024-05-01,work_to_eng,0.22448979591836735,0.2765905780605107,0.24374558031700616,0.3094355758040152,True,abajo,fuera de los límites,55838.212330815695
M,2024-06-01,work_to_eng,0.21372719374456994,0.2765905780605107,0.24374558031700616,0.3094355758040152,True,abajo,fuera de los límites,48939.50024784203
M,2024-07-01,work_to_eng,0.22013651877133106,0.2765905780605107,0.24374558031700616,0.3094355758040152,True,abajo,fuera de los límites,43656.755046429935
M,2024-08-01,work_to_eng,0.22332506203473945,0.2765905780605107,0.24374558031700616,0.3094355758040152,True,abajo,fuera de los límites,47060.734100221845
M,2024-09-01,work_to_eng,0.20555073720728534,0.2765905780605107,0.24374558031700616,0.3094355758040152,True,abajo,fuera de los límites,42820.23353458838
M,2023-01-01,sql_to_won,0.2261904761904762,0.20127877025347843,0.13594597227717387,0.266611568229783,False,,,38937.66251230237
M,2023-02-01,sql_to_won,0.1902834008097166,0.20127877025347843,0.13594597227717387,0.266611568229783,False,,,40175.99010833614
M,2023-03-01,sql_to_won,0.20416666666666666,0.20127877025347843,0.13594597227717387,0.266611568229783,False,,,44419.37198444531
M,2023-04-01,sql_to_won,0.2317596566523605,0.20127877025347843,0.13594597227717387,0.266611568229783,False,,,45156.960401621036
M,2023-05-01,sql_to_won,0.21120689655172414,0.20127877025347843,0.13594597227717387,0.266611568229783,False,,,50745.178428591855
M,2023-06-01,sql_to_won,0.21296296296296297,0.20127877025347843,0.13594597227717387,0.266611568229783,False,,,43739.710214755265
M,2023-07-01,sql_to_won,0.16532258064516128,0.20127877025347843,0.13594597227717387,0.266611568229783,False,,,39959.10542131138
M,2023-08-01,sql_to_won,0.1762295081967213,0.20127877025347843,0.13594597227717387,0.266611568229783,False,,,35692.13311633282
M,2023-09-01,sql_to_won,0.2222222222222222,0.20127877025347843,0.13594597227717387,0.266611568229783,False,,,40635.891713954814
M,2023-10-01,sql_to_won,0.18461538461538463,0.20127877025347843,0.13594597227717387,0.266611568229783,False,,,45739.73168649212
M,2023-11-01,sql_to_won,0.18222222222222223,0.20127877025347843,0.13594597227717387,0.266611568229783,False,,,41576.0485047165
M,2023-12-01,sql_to_won,0.20816326530612245,0.20127877025347843,0.13594597227717387,0.266611568229783,False,,,42984.971576181575
M,2024-01-01,sql_to_won,0.21226415094339623,0.20127877025347843,0.13594597227717387,0.266611568229783,False,,,47101.075186302165
M,2024-02-01,sql_to_won,0.1926605504587156,0.20127877025347843,0.13594597227717387,0.266611568229783,False,,,39842.10791602132
M,2024-03-01,sql_to_won,0.16785714285714284,0.20127877025347843,0.13594597227717387,0.266611568229783,False,,,47076.216031447395
M,2024-04-01,sql_to_won,0.19665271966527198,0.20127877025347843,0.13594597227717387,0.266611568229783,False,,,43969.66210825121
M,2024-05-01,sql_to_won,0.15942028985507245,0.20127877025347843,0.13594597227717387,0.266611568229783,False,,,55838.212330815695
M,2024-06-01,sql_to_won,0.2653061224489796,0.20127877025347843,0.13594597227717387,0.266611568229783,False,,,48939.50024784203
M,2024-07-01,sql_to_won,0.23985239852398524,0.20127877025347843,0.13594597227717387,0.266611568229783,False,,,43656.755046429935
M,2024-08-01,sql_to_won,0.15708812260536398,0.20127877025347843,0.13594597227717387,0.266611568229783,False,,,47060.734100221845
M,2023-01-01,new_customers,18.0,64.0,27.96909090909091,100.03090909090909,True,abajo,fuera de los límites,38937.66251230237
M,2023-02-01,new_customers,69.0,64.0,27.96909090909091,100.03090909090909,False,,,40175.99010833614
M,2023-03-01,new_customers,80.0,64.0,27.96909090909091,100.03090909090909,False,,,44419.37198444531
M,2023-04-01,new_customers,63.0,64.0,27.96909090909091,100.03090909090909,False,,,45156.960401621036
M,2023-05-01,new_customers,72.0,64.0,27.96909090909091,100.03090909090909,False,,,50745.178428591855
M,2023-06-01,new_customers,69.0,64.0,27.96909090909091,100.03090909090909,False,,,43739.710214755265
M,2023-07-01,new_customers,61.0,64.0,27.96909090909091,100.03090909090909,False,,,39959.10542131138
M,2023-08-01,new_customers,56.0,64.0,27.96909090909091,100.03090909090909,False,,,35692.13311633282
M,2023-09-01,new_customers,75.0,64.0,27.96909090909091,100.03090909090909,False,,,40635.891713954814
M,2023-10-01,new_customers,63.0,64.0,27.96909090909091,100.03090909090909,False,,,45739.73168649212
M,2023-11-01,new_customers,73.0,64.0,27.96909090909091,100.03090909090909,False,,,41576.0485047165
M,2023-12-01,new_customers,69.0,64.0,27.96909090909091,100.03090909090909,False,,,42984.971576181575
M,2024-01-01,new_customers,63.0,64.0,27.96909090909091,100.03090909090909,False,,,47101.075186302165
M,2024-02-01,new_customers,66.0,64.0,27.96909090909091,100.03090909090909,False,,,39842.10791602132
M,2024-03-01,new_customers,72.0,64.0,27.96909090909091,100.03090909090909,False,,,47076.216031447395
M,2024-04-01,new_customers,58.0,64.0,27.96909090909091,100.03090909090909,False,,,43969.66210825121
M,2024-05-01,new_customers,67.0,64.0,27.96909090909091,100.03090909090909,False,,,55838.212330815695
M,2024-06-01,new_customers,65.0,64.0,27.96909090909091,100.03090909090909,False,,,48939.50024784203
M,2024-07-01,new_customers,91.0,64.0,27.96909090909091,100.03090909090909,False,,,43656.755046429935
M,2024-08-01,new_customers,83.0,64.0,27.96909090909091,100.03090909090909,False,,,47060.734100221845
M,2024-09-01,new_customers,67.0,64.0,27.96909090909091,100.03090909090909,False,,,42820.23353458838
M,2023-01-01,new_mrr,700877.9252214427,2742477.233170183,937897.2085723528,4547057.257768013,True,abajo,fuera de los límites,38937.66251230237
M,2023-02-01,new_mrr,2772143.3174751936,2742477.233170183,937897.2085723528,4547057.257768013,False,,,40175.99010833614
M,2023-03-01,new_mrr,3553549.7587556248,2742477.233170183,937897.2085723528,4547057.257768013,False,,,44419.37198444531
M,2023-04-01,new_mrr,2844888.505302125,2742477.233170183,937897.2085723528,4547057.257768013,False,,,45156.960401621036
M,2023-05-01,new_mrr,3653652.8468586137,2742477.233170183,937897.2085723528,4547057.257768013,False,,,50745.178428591855
M,2023-06-01,new_mrr,3018040.0048181135,2742477.233170183,937897.2085723528,4547057.257768013,False,,,43739.710214755265
M,2023-07-01,new_mrr,2437505.4306999943,2742477.233170183,937897.2085723528,4547057.257768013,False,,,39959.10542131138
M,2023-08-01,new_mrr,1998759.454514638,2742477.233170183,937897.2085723528,4547057.257768013,False,,,35692.13311633282
M,2023-09-01,new_mrr,3047691.878546611,2742477.233170183,937897.2085723528,4547057.257768013,False,,,40635.891713954814
M,2023-10-01,new_mrr,2881603.096249004,2742477.233170183,937897.2085723528,4547057.257768013,False,,,45739.73168649212
M,2023-11-01,new_mrr,3035051.5408443045,2742477.233170183,937897.2085723528,4547057.257768013,False,,,41576.0485047165
M,2023-12-01,new_mrr,2965963.038756529,2742477.233170183,937897.2085723528,4547057.257768013,False,,,42984.971576181575
M,2024-01-01,new_mrr,2967367.7367370366,2742477.233170183,937897.2085723528,4547057.257768013,False,,,47101.075186302165
M,2024-02-01,new_mrr,2629579.122457407,2742477.233170183,937897.2085723528,4547057.257768013,False,,,39842.10791602132
M,2024-03-01,new_mrr,3389487.5542642125,2742477.233170183,937897.2085723528,4547057.257768013,False,,,47076.216031447395
M,2024-04-01,new_mrr,2550240.40227857,2742477.233170183,937897.2085723528,4547057.257768013,False,,,43969.66210825121
M,2024-05-01,new_mrr,3741160.2261646516,2742477.233170183,937897.2085723528,4547057.257768013,False,,,55838.212330815695
M,2024-06-01,new_mrr,3181067.516109732,2742477.233170183,937897.2085723528,4547057.257768013,False,,,48939.50024784203
M,2024-07-01,new_mrr,3972764.709225124,2742477.233170183,937897.2085723528,4547057.257768013,False,,,43656.755046429935
M,2024-08-01,new_mrr,3906040.9303184133,2742477.233170183,937897.2085723528,4547057.257768013,True,arriba,3 de 4 puntos cerca del límite,47060.734100221845
M,2024-09-01,new_mrr,2868955.646817421,2742477.233170183,937897.2085723528,4547057.257768013,False,,,42820.23353458838
